,Account Number,Account Type,Account Holder ID,Balance Date,Balance,Name,Date of Birth,Contact Number,First Line of Address,Transaction ID,Account_To,Transaction Date,Value,Cancelled?
33,10231977,Basic,41402857,2023-01-31,61.63,Federico Cathro,13/12/1985,7283906757,12 Green Hill,4230172990,68315462,2023-02-09,1410.1,N
37,10232603,Gold,8882143,2023-01-31,732.55,Kizzee Puddephatt,18/10/2003,7598835878,72404 Maywood Avenue,7252109585,69344396,2023-02-02,1190.9,N
38,10232603,Gold,8882143,2023-01-31,732.55,Kizzee Puddephatt,18/10/2003,7598835878,72404 Maywood Avenue,9161410454,91972687,2023-02-10,1128.4,N
43,10243581,Gold,84620072,2023-01-31,104.27,Kalvin Duetschens,27/03/1965,7727619510,19032 Duke Parkway,7934676808,69664627,2023-02-12,1482.9,N
65,10553619,Basic,58583983,2023-01-31,756.2,Dud Gaunt,04/12/1983,7681115087,3 Canary Avenue,108536548,86207903,2023-02-06,1085.4,N
66,10553619,Basic,58583983,2023-01-31,756.2,Dud Gaunt,04/12/1983,7681115087,3 Canary Avenue,2843750091,20090784,2023-02-04,1263.9,N
84,10725127,Basic,34435244,2023-01-31,984.69,Adeline Oxer,22/11/1998,7810160404,97044 Meadow Vale Avenue,1066977682,84714323,2023-02-04,1268.7,N
87,10769769,Basic,92082288,2023-01-31,906.91,Babbette Bromby,24/05/1936,7355990194,447 Dwight Circle,1019117125,43623061,2023-02-02,1502.2,N
102,10799356,Gold,26582406,2023-01-31,915.04,Emmi Sinnie,29/01/1954,7304047316,76493 Jenifer Place,9497069960,69540137,2023-02-14,1314.7,N
113,10864084,Gold,69466662,2023-01-31,119.98,Dyana Gianullo,27/11/1988,7517614468,763 Fulton Trail,8938004112,49172838,2023-02-13,1545.5,N
147,11228111,Basic,13413964,2023-01-31,130.36,Shae Oxberry,05/08/1938,7802003865,9401 Village Pass,2499034262,28251857,2023-02-02,1501.3,N
162,11333185,Gold,12386822,2023-01-31,693.23,Tandi Aberkirdo,13/05/2001,7224213952,40 Buell Crossing,8140515736,88570753,2023-02-07,1440.9,N
167,11346696,Basic,82550379,2023-01-31,661.99,Sonnnie Lettington,10/09/1956,7690573888,6 Homewood Junction,973180730,26632358,2023-02-13,1487.7,N
184,11438427,Basic,12807209,2023-01-31,484.08,Lora Umpleby,03/04/1952,7470603316,953 Pierstorff Court,7112744326,54541943,2023-02-08,1686.0,N
192,11662506,Basic,41390313,2023-01-31,573.89,Leigh Slimings,12/11/2002,7112224952,5841 Florence Circle,8657927187,11110085,2023-02-14,1397.8,N
201,11736814,Basic,73941848,2023-01-31,381.51,Meghann Tucker,30/01/1938,7367647078,5 Beilfuss Court,9845010989,32991596,2023-02-11,1851.4,N
226,11846043,Basic,21844263,2023-01-31,915.59,Harrietta McIlwrath,12/05/1971,7319685775,88637 Rutledge Point,6732430556,60114464,2023-02-10,1640.4,N
229,11882775,Basic,50701874,2023-01-31,299.41,Maggi Huard,01/08/1935,7487245589,51 7th Place,3548407560,57084496,2023-02-01,1058.7,N
231,11882775,Basic,50701874,2023-01-31,299.41,Maggi Huard,01/08/1935,7487245589,51 7th Place,5736260077,69468071,2023-02-06,1791.9,N
244,12035637,Gold,14770865,2023-01-31,461.35,Tomasine Treend,17/01/1942,7674822587,906 Vera Street,6023397263,93009261,2023-02-08,1169.6,N
245,12035637,Gold,14770865,2023-01-31,461.35,Tomasine Treend,17/01/1942,7674822587,906 Vera Street,7509646162,29631870,2023-02-02,1138.0,N
287,12420291,Gold,55080160,2023-01-31,578.47,Rozele Chippindale,30/11/1994,7849008825,128 Sommers Trail,5723530860,47356348,2023-02-03,1223.8,N
307,12680102,Basic,77963684,2023-01-31,674.64,Edithe Griggs,18/10/1993,7400436640,19659 Tony Lane,5914208858,85924719,2023-02-11,1010.6,N
329,13058003,Gold,10055517,2023-01-31,218.0,Bastian Lunam,02/10/1995,7726925518,33 Loomis Road,9770577936,66681692,2023-02-09,1246.4,N
356,13277127,Basic,252258,2023-01-31,793.22,Carissa Mulliss,09/05/1933,7154915911,4601 Canary Terrace,3959126042,38969279,2023-02-06,1037.3,N
377,13551717,Basic,68639654,2023-01-31,26.95,Crystal Jeacock,24/03/1956,7564586293,762 Mosinee Circle,9389881641,97571696,2023-02-01,1361.0,N
398,13965360,Basic,65473538,2023-01-31,299.46,Vincents Speare,25/07/1934,7910043558,82 Delaware Street,1019649690,67862200,2023-02-11,1655.3,N
404,14014401,Basic,11669981,2023-01-31,554.46,Clement Gant,09/10/1958,7595178757,13 Barnett Lane,8770709343,54824933,2023-02-09,1549.1,N
430,14337606,Basic,85170206,2023-01-31,561.8,Em Willicott,25/11/1943,7460992733,7776 Parkside Way,3203866781,86339899,2023-02-06,1792.7,N
437,14355869,Gold,21944580,2023-01-31,329.16,Shana Twentyman,06/11/1959,7257069800,859 Springs Park,8396185328,69315008,2023-02-01,1052.6,N
442,14448009,Joint,86296209,2023-01-31,958.46,Brinn Attkins,13/10/1993,7538141937,70105 Hayes Way,319483649,98377332,2023-02-08,1779.2,N
445,14448009,Joint,86296209,2023-01-31,958.46,Brinn Attkins,13/10/1993,7538141937,70105 Hayes Way,3101879213,21392412,2023-02-04,1367.4,N
447,14448009,Joint,86296209,2023-01-31,958.46,Brinn Attkins,13/10/1993,7538141937,70105 Hayes Way,7466187412,37503622,2023-02-09,1300.7,N
449,14448009,Joint,38678655,2023-01-31,958.46,Grayce Patel,07/03/2000,7935804352,70105 Hayes Way,319483649,98377332,2023-02-08,1779.2,N
452,14448009,Joint,38678655,2023-01-31,958.46,Grayce Patel,07/03/2000,7935804352,70105 Hayes Way,3101879213,21392412,2023-02-04,1367.4,N
454,14448009,Joint,38678655,2023-01-31,958.46,Grayce Patel,07/03/2000,7935804352,70105 Hayes Way,7466187412,37503622,2023-02-09,1300.7,N
472,14648004,Gold,51124513,2023-01-31,236.67,Leila Peter,15/11/1979,7911895533,28102 Nobel Crossing,5514302946,95081571,2023-02-08,1330.7,N
474,14648004,Gold,51124513,2023-01-31,236.67,Leila Peter,15/11/1979,7911895533,28102 Nobel Crossing,7080051630,77797288,2023-02-12,1808.9,N
505,15044055,Gold,33356634,2023-01-31,204.3,Ruprecht Jessel,21/05/1944,7143621889,6761 Toban Circle,9059693922,40082477,2023-02-09,1434.1,N
507,15052808,Gold,48910576,2023-01-31,786.05,Emmott Sharvill,16/12/1967,7762043089,2 Eagan Circle,8191592274,91305080,2023-02-14,1288.0,N
555,15428008,Gold,78909455,2023-01-31,131.02,Pearl Tradewell,20/05/2004,7238864294,7 Mariners Cove Way,3764045884,88538200,2023-02-12,1077.3,N
570,15732629,Basic,25018182,2023-01-31,975.81,Wyatan Stenbridge,27/01/1934,7112036766,9 Waxwing Lane,7250445162,87967388,2023-02-13,1393.1,N
593,15914466,Gold,48411853,2023-01-31,436.62,Kathy Naden,01/07/1951,7409895649,29316 Monterey Drive,4595593104,94342965,2023-02-09,1208.0,N
617,16067516,Gold,308061,2023-01-31,494.33,Georgette Tamplin,30/10/1962,7734687967,712 Gulseth Way,7577450812,81932657,2023-02-08,1044.7,N
653,16334793,Gold,79475074,2023-01-31,297.75,Madelon Jerrolt,17/05/1964,7786860214,39 Lindbergh Terrace,3588310436,33632099,2023-02-11,1991.3,N
675,16676577,Gold,28090300,2023-01-31,407.24,Byrle Bianco,12/07/1997,7766660402,5 Acker Street,1244052175,16013218,2023-02-06,1436.4,N
687,17039422,Basic,38814096,2023-01-31,941.44,Agna Blenkiron,04/05/1980,7407748492,57 Harbort Trail,3873340968,91971494,2023-02-06,1053.5,N
690,17085651,Gold,90628588,2023-01-31,945.51,Otho Kelinge,03/06/1958,7524597284,22 Kennedy Trail,784603499,39744047,2023-02-14,1583.4,N
691,17085651,Gold,90628588,2023-01-31,945.51,Otho Kelinge,03/06/1958,7524597284,22 Kennedy Trail,4606990570,39542358,2023-02-11,1168.2,N
694,17085651,Gold,90628588,2023-01-31,945.51,Otho Kelinge,03/06/1958,7524597284,22 Kennedy Trail,8864200932,54067346,2023-02-11,1635.6,N
696,17138963,Basic,18184412,2023-01-31,131.95,Booth Vertigan,04/07/1934,7359490161,29 Valley Edge Junction,9013221270,19559937,2023-02-01,1500.7,N
720,17301178,Gold,11893969,2023-01-31,311.47,Cherey Edwardes,03/09/1985,7279335181,8 Old Shore Hill,6328472633,49216581,2023-02-07,1147.4,N
762,17749893,Basic,48939723,2023-01-31,889.45,Klemens Gagan,25/04/1957,7404841393,4 Green Way,8782463611,15944303,2023-02-12,1267.9,N
792,18185362,Basic,83289626,2023-01-31,609.36,Agace Sporle,28/02/1999,7182359874,96 Emmet Pass,176916326,33632099,2023-02-12,1955.6,N
811,18348734,Basic,41598271,2023-01-31,579.93,Colene Rastrick,24/03/1946,7955897701,8 Macpherson Terrace,2926917953,96121732,2023-02-11,1669.7,N
817,18348734,Basic,41598271,2023-01-31,579.93,Colene Rastrick,24/03/1946,7955897701,8 Macpherson Terrace,9128693981,45015534,2023-02-08,1032.4,N
819,18447548,Basic,14924822,2023-01-31,574.24,Amalle Townsend,06/01/1959,7564656009,3526 Sutherland Alley,4000808907,92145159,2023-02-13,1370.8,N
863,19094015,Basic,39028764,2023-01-31,548.65,Tom Twell,11/08/1940,7512644141,995 Debs Lane,4265537685,93009261,2023-02-06,1695.0,N
920,19789505,Basic,51019591,2023-01-31,893.9,Blanch Kinforth,12/07/1949,7628210281,94115 Clemons Alley,1013772741,48271608,2023-02-13,1665.4,N
922,19836996,Basic,63508404,2023-01-31,245.14,Madelle Attril,14/07/1996,7589616818,32 Morrow Drive,3525710887,44019515,2023-02-07,1159.5,N
988,20425065,Basic,91790770,2023-01-31,866.77,Farrah Bernasek,04/03/1995,7324300770,839 Bluestem Crossing,4140747293,85156953,2023-02-14,2134.6,N
1008,20908067,Basic,27902624,2023-01-31,607.53,Johnnie Exeter,31/07/1981,7670500402,53 Algoma Road,2488904619,35126236,2023-02-14,2138.0,N
1022,21032760,Gold,8732352,2023-01-31,541.33,Miguelita Gutsell,08/01/1956,7885021967,2732 Mcbride Drive,1931218919,34482885,2023-02-11,1161.1,N
1045,21475060,Gold,78502675,2023-01-31,354.98,Leontine Boatswain,17/05/1959,7838565712,65 Dryden Point,2113578247,22696687,2023-02-12,1061.5,N
1071,21694967,Basic,16928386,2023-01-31,90.13,Hadleigh Dabling,28/09/1951,7756723892,4438 Cherokee Terrace,7972782466,73642628,2023-02-06,1042.0,N
1073,21711501,Basic,35823678,2023-01-31,126.63,Marcelo Gebby,01/01/1957,7749225564,4 Artisan Alley,8434042169,23815822,2023-02-03,1882.4,N
1075,21719977,Gold,90895447,2023-01-31,758.81,Codi Pattison,28/10/1988,7220586650,7 Messerschmidt Alley,634472038,98568929,2023-02-13,1121.3,N
1082,21749252,Gold,12675951,2023-01-31,646.27,Mufinella Hamor,24/12/1969,7554653747,7833 Alpine Alley,4359027095,52835507,2023-02-10,1098.2,N
1115,22099256,Basic,63118786,2023-01-31,523.78,Mikael Poulney,10/09/1947,7929745585,27867 Bartillon Hill,8063078454,43499771,2023-02-06,1003.2,N
1118,22137086,Basic,42903192,2023-01-31,410.35,Kerry Gaze,29/06/1992,7903643984,3 Esker Place,213599996,84448752,2023-02-08,1368.6,N
1122,22137086,Basic,42903192,2023-01-31,410.35,Kerry Gaze,29/06/1992,7903643984,3 Esker Place,4025712466,72784766,2023-02-09,1288.6,N
1135,22374612,Gold,27330896,2023-01-31,554.31,Eleonore Raphael,09/06/1987,7100932184,2 Farragut Terrace,1097057445,21293955,2023-02-05,1110.7,N
1140,22393008,Gold,94839122,2023-01-31,753.5,Toinette Dight,30/07/1951,7661260409,8 Bluejay Avenue,3435734426,28738041,2023-02-07,1806.9,N
1176,22830156,Basic,18931952,2023-01-31,596.06,Elli Cater,04/11/1942,7563267406,401 Summerview Terrace,4504569876,64228624,2023-02-12,1153.9,N
1196,23045208,Gold,99152626,2023-01-31,359.49,Sheff Crowder,15/07/1950,7657988807,979 Londonderry Pass,6420230608,97258853,2023-02-02,1157.4,N
1202,23141588,Joint,96910248,2023-01-31,281.28,Minne Sandeman,22/12/1985,7239963827,49 Pond Pass,5891700549,40189934,2023-02-02,1824.3,N
1204,23141588,Joint,73445371,2023-01-31,281.28,Constanta Kellar,28/05/1951,7362058039,49 Pond Pass,5891700549,40189934,2023-02-02,1824.3,N
1205,23231848,Gold,23989802,2023-01-31,27.12,Fee Moore,05/04/1944,7116175185,30 Aberg Way,184329213,79033058,2023-02-04,1454.9,N
1289,23962863,Basic,19070345,2023-01-31,307.07,Alika Daspar,22/07/1997,7720985909,30 Meadow Ridge Lane,6709818918,33470885,2023-02-07,1676.4,N
1298,23971753,Basic,51215896,2023-01-31,170.77,Shanon Howie,14/01/1960,7672808451,17746 Comanche Center,9463323708,64683004,2023-02-09,1658.0,N
1320,24149353,Joint,42772846,2023-01-31,487.27,Neda Sleaford,03/11/2003,7410547442,351 Division Street,5946791915,57446648,2023-02-06,1201.1,N
1321,24149353,Joint,20894297,2023-01-31,487.27,Roddy Tackell,14/04/1976,7240230684,351 Division Street,5946791915,57446648,2023-02-06,1201.1,N
1330,24184530,Joint,25651109,2023-01-31,37.87,Gates Slevin,10/12/1972,7334338009,9 Holmberg Alley,6282069041,63298193,2023-02-08,1360.9,N
1333,24184530,Joint,55007557,2023-01-31,37.87,Westbrook Lisle,03/02/1938,7609148463,9 Holmberg Alley,6282069041,63298193,2023-02-08,1360.9,N
1354,24308337,Basic,7073038,2023-01-31,764.57,Salvador Faichnie,25/11/1990,7898984641,4832 Claremont Pass,520100581,84964879,2023-02-07,1653.3,N
1366,24462859,Basic,50137483,2023-01-31,646.0,Kittie Heakins,10/07/1957,7641727085,9 Village Green Point,8680634573,35633136,2023-02-09,1855.5,N
1384,24529850,Basic,74244392,2023-01-31,800.79,Coralie Knellen,28/09/1968,7134906360,682 Morning Pass,9859809917,25678043,2023-02-08,2283.2,N
1506,25636885,Gold,6164823,2023-01-31,755.58,Emmie Kealey,09/01/1953,7785042771,703 Upham Crossing,9300490451,83187508,2023-02-10,1048.2,N
1507,25677428,Basic,3527714,2023-01-31,307.44,Ivy Kiera,27/05/1982,7492070482,6703 Arkansas Parkway,4309240577,25941557,2023-02-12,1601.3,N
1519,25746852,Gold,95536612,2023-01-31,320.7,Rivkah Iacapucci,30/08/1954,7516033062,14 Weeping Birch Terrace,1716788439,37945317,2023-02-10,1524.4,N
1521,25746852,Gold,95536612,2023-01-31,320.7,Rivkah Iacapucci,30/08/1954,7516033062,14 Weeping Birch Terrace,4023198668,84187157,2023-02-14,1485.7,N
1525,25768265,Gold,9494073,2023-01-31,702.22,Lilly Sullens,14/10/1951,7249501650,323 5th Point,6855294456,88732093,2023-02-06,1502.6,N
1526,25768265,Gold,9494073,2023-01-31,702.22,Lilly Sullens,14/10/1951,7249501650,323 5th Point,8219618701,51793205,2023-02-02,1902.2,N
1566,26109213,Gold,66590459,2023-01-31,698.97,Sheffie Domelow,20/10/1963,7436094644,9 Scofield Alley,8176605085,58547184,2023-02-02,1586.6,N
1579,26432558,Gold,26897941,2023-01-31,465.32,Ruperto Durrand,29/04/1984,7475777928,8 Straubel Pass,752935623,99514298,2023-02-07,1121.9,N
1583,26506201,Basic,85422591,2023-01-31,592.7,Morton Heggs,09/07/1949,7505844255,327 Caliangt Road,3488111660,88568543,2023-02-11,1215.8,N
1585,26522255,Gold,49366602,2023-01-31,283.67,Tessa Rosenthaler,22/01/1972,7859434217,317 Kinsman Lane,3960597703,46913859,2023-02-08,1127.1,N
1587,26522255,Gold,49366602,2023-01-31,283.67,Tessa Rosenthaler,22/01/1972,7859434217,317 Kinsman Lane,6467222474,65579734,2023-02-13,1085.6,N
1595,26669001,Basic,72989737,2023-01-31,70.04,Dot Yarker,27/10/2001,7411567799,3693 Tennyson Way,3107514675,33240853,2023-02-11,1318.1,N
1619,26874415,Basic,76949132,2023-01-31,19.62,Darnall Wreath,23/12/1934,7873449517,51 Paget Terrace,8063200519,20705548,2023-02-02,2269.2,N
1625,26888158,Basic,76785724,2023-01-31,473.02,Arlie Bruneton,23/03/1942,7453783238,981 Bay Alley,7413234025,28822117,2023-02-05,1022.3,N
1633,26907311,Basic,33680005,2023-01-31,842.69,Aleta Ruvel,25/12/1942,7856477700,12 Carioca Point,3717091964,47091705,2023-02-05,1195.0,N
1694,27415805,Basic,12646177,2023-01-31,902.28,Amber Reicharz,08/02/1988,7425560370,33 Saint Paul Crossing,6309655094,50276595,2023-02-06,1107.9,N
1714,27596004,Gold,89861979,2023-01-31,505.73,Garald Venny,27/07/1965,7535383868,9 Buell Hill,1857908597,41542689,2023-02-12,1255.7,N
1717,27600956,Basic,79820166,2023-01-31,84.39,Roxana Kolushev,24/07/1936,7903584842,3038 Roth Hill,8410567636,76847816,2023-02-12,1268.1,N
1733,28053942,Gold,76671068,2023-01-31,70.94,Donalt Sumbler,24/12/2001,7619027892,4408 Forest Park,2573182568,35210460,2023-02-01,1821.2,N
1743,28142099,Gold,84176902,2023-01-31,420.86,Brnaby Mackrill,01/08/1983,7620870297,5177 Kropf Way,6227762334,66175264,2023-02-10,1134.6,N
1767,28380949,Basic,5014059,2023-01-31,937.24,Gherardo Leng,05/10/1988,7754173276,1968 Graedel Park,9640473553,69796371,2023-02-04,1412.5,N
1782,28595197,Basic,88613935,2023-01-31,897.68,Karmen Hunnybun,04/12/1937,7261375925,40 Comanche Crossing,1542635829,63845700,2023-02-09,1606.6,N
1870,29358670,Gold,14221230,2023-01-31,874.94,Joice Lufkin,01/08/1962,7943159313,6033 Dunning Center,9847562024,84778718,2023-02-12,1183.8,N
1900,29638033,Gold,96323829,2023-01-31,537.95,Barbaraanne Fredi,01/04/1963,7544564107,104 Dawn Drive,4167488191,75569387,2023-02-01,1775.6,N
1905,29638033,Gold,96323829,2023-01-31,537.95,Barbaraanne Fredi,01/04/1963,7544564107,104 Dawn Drive,8738045222,45558696,2023-02-02,1890.0,N
1928,30093672,Gold,4306281,2023-01-31,939.77,Marve Broodes,17/10/1941,7292034852,9 Blue Bill Park Court,9756301309,98221133,2023-02-08,1002.0,N
1934,30112323,Joint,32226966,2023-01-31,519.73,Flynn Largen,30/09/1993,7888467488,9 Magdeline Alley,7273869791,19686460,2023-02-08,1379.8,N
1939,30112323,Joint,97840130,2023-01-31,519.73,Noreen Severwright,18/07/1997,7418460321,9 Magdeline Alley,7273869791,19686460,2023-02-08,1379.8,N
1957,30312615,Gold,34374206,2023-01-31,659.36,Kennan Roomes,22/05/1969,7376999770,1 Magdeline Road,3008338488,77797288,2023-02-05,1852.7,N
1972,30374840,Basic,1420664,2023-01-31,564.42,Devlen Rous,25/07/1986,7351387322,4 Hudson Crossing,252031857,91829198,2023-02-10,1585.0,N
1974,30374840,Basic,1420664,2023-01-31,564.42,Devlen Rous,25/07/1986,7351387322,4 Hudson Crossing,2041596503,76146870,2023-02-03,1278.2,N
1997,30623117,Gold,50151829,2023-01-31,266.92,Hedwig Lehrer,01/12/2003,7707692226,848 Northview Center,9767173250,35330225,2023-02-09,1169.4,N
2015,30718836,Gold,8555952,2023-01-31,360.78,Suzette Guilford,16/06/1936,7820102363,23519 Lerdahl Point,8776816028,63556863,2023-02-08,1127.4,N
2055,31131351,Basic,5570440,2023-01-31,278.94,Danica Feldhammer,26/09/1937,7497290764,16 Ryan Center,4200359480,63556863,2023-02-06,1124.1,N
2102,31670977,Basic,85473694,2023-01-31,385.42,Arda Wofenden,15/09/1964,7656245152,212 Park Meadow Plaza,5508208399,79090076,2023-02-02,1520.8,N
2104,31680976,Gold,35700806,2023-01-31,327.79,Germain Clubb,23/02/1999,7336434478,3 Leroy Way,879871237,58668564,2023-02-11,1125.0,N
2128,31770323,Gold,94428213,2023-01-31,666.66,Maddy Thatcher,15/12/1933,7617883129,7156 Rowland Hill,8263650534,68275028,2023-02-07,1002.5,N
2173,32308270,Gold,50048247,2023-01-31,976.53,Alley Hazeman,13/07/1932,7104529577,9991 Heffernan Court,3364251460,92155262,2023-02-09,1060.0,N
2189,32400822,Gold,29648464,2023-01-31,987.34,Van Barritt,26/10/1995,7622614912,5 Emmet Junction,9394994130,50520009,2023-02-08,1808.4,N
2235,33116647,Basic,59471184,2023-01-31,391.76,Kristos Mitchelmore,07/04/1986,7392923109,54 Loftsgordon Point,3138077927,66416254,2023-02-06,1095.4,N
2279,33470885,Basic,26051326,2023-01-31,531.96,Saunderson Torrance,11/05/1975,7196424619,68959 Banding Drive,7747292902,85559926,2023-02-12,1071.4,N
2314,33832864,Joint,11589612,2023-01-31,46.85,Currie Venditto,27/09/1930,7134154463,65851 Lakewood Drive,393779424,88040274,2023-02-06,1743.5,N
2317,33832864,Joint,96513143,2023-01-31,46.85,Miof mela Yurasov,02/08/1952,7801189448,65851 Lakewood Drive,393779424,88040274,2023-02-06,1743.5,N
2338,34017695,Basic,78166725,2023-01-31,672.46,Herbie Matresse,12/06/1986,7915593923,5417 Iowa Avenue,2862721220,69796371,2023-02-14,2002.7,N
2340,34017695,Basic,78166725,2023-01-31,672.46,Herbie Matresse,12/06/1986,7915593923,5417 Iowa Avenue,4363519207,62862427,2023-02-13,1756.0,N
2378,34400277,Gold,25267812,2023-01-31,207.59,Joscelin Ferraresi,13/03/2003,7127250410,715 Bay Circle,7547139418,45688415,2023-02-01,1393.7,N
2405,34921262,Gold,31671267,2023-01-31,971.82,Moina Farnfield,19/12/1999,7235956284,86 Banding Point,5258873692,69561077,2023-02-05,1917.1,N
2467,35506101,Gold,39867567,2023-01-31,713.65,Adrianne Pree,26/02/1995,7549505592,939 Sugar Hill,7917784223,24123707,2023-02-09,1386.8,N
2491,35633136,Gold,14537251,2023-01-31,603.11,Rora Couldwell,19/02/1985,7573728535,8 Golf View Way,4348426260,60522190,2023-02-08,1589.0,N
2546,36114551,Joint,94427744,2023-01-31,876.22,Verile Briggs,25/11/1996,7476103800,220 Bonner Road,9323740667,51313899,2023-02-03,1488.0,N
2550,36114551,Joint,85245755,2023-01-31,876.22,Janey Stag,08/07/1944,7710907490,220 Bonner Road,9323740667,51313899,2023-02-03,1488.0,N
2591,36551112,Joint,13639076,2023-01-31,976.02,Hatti Bilverstone,18/07/1939,7443848042,47934 East Road,6095910323,43338400,2023-02-14,2197.2,N
2592,36551112,Joint,13639076,2023-01-31,976.02,Hatti Bilverstone,18/07/1939,7443848042,47934 East Road,7096571558,40507682,2023-02-14,1514.1,N
2596,36551112,Joint,82390119,2023-01-31,976.02,Bryn Chevin,30/01/1971,7581957205,47934 East Road,6095910323,43338400,2023-02-14,2197.2,N
2597,36551112,Joint,82390119,2023-01-31,976.02,Bryn Chevin,30/01/1971,7581957205,47934 East Road,7096571558,40507682,2023-02-14,1514.1,N
2635,37004975,Basic,78209509,2023-01-31,635.77,Sid Tinsey,20/03/1969,7762739943,7586 7th Avenue,1369012101,13274987,2023-02-08,1290.2,N
2638,37004975,Basic,78209509,2023-01-31,635.77,Sid Tinsey,20/03/1969,7762739943,7586 7th Avenue,9632604202,27203821,2023-02-07,1679.8,N
2642,37017424,Basic,8434185,2023-01-31,71.34,Joshia Pole,04/05/1969,7377565104,3752 Annamark Place,9171513191,74252410,2023-02-10,1531.0,N
2659,37256412,Gold,62294750,2023-01-31,24.43,Geneva Stovin,18/04/2000,7417143574,7 Straubel Hill,4754885082,75164598,2023-02-03,1529.4,N
2670,37319261,Basic,41867130,2023-01-31,574.42,Antonia Storrie,29/07/1985,7360930651,1733 Bunting Lane,3724174004,84448752,2023-02-06,1409.6,N
2676,37369245,Gold,24436370,2023-01-31,446.65,Ian Armin,06/11/1978,7315779675,46128 Paget Way,5394880565,19242274,2023-02-10,1324.9,N
2686,37503622,Gold,74993234,2023-01-31,630.18,Judah Shemwell,25/10/1996,7704105958,293 Monument Junction,4895409996,29017229,2023-02-04,1246.9,N
2687,37503622,Gold,74993234,2023-01-31,630.18,Judah Shemwell,25/10/1996,7704105958,293 Monument Junction,9166816564,68558850,2023-02-04,1395.3,N
2710,37789180,Gold,33936785,2023-01-31,854.05,Conni Horry,22/01/1989,7395966131,4145 Sloan Drive,2285320620,89645445,2023-02-09,1726.4,N
2723,37878074,Basic,2335740,2023-01-31,647.56,Lenci Bacon,31/10/1979,7802296799,61470 Weeping Birch Parkway,9772705354,83443439,2023-02-03,1218.0,N
2774,38487215,Gold,13709133,2023-01-31,780.01,Aubrey Jamieson,13/02/1971,7569932617,3 Tony Lane,1160194041,26432558,2023-02-06,1543.0,N
2792,38606148,Gold,35531295,2023-01-31,956.59,Sibelle Fryd,17/04/1955,7447580226,3 Nova Lane,1858273145,43597919,2023-02-12,1323.4,N
2806,38749064,Gold,11822535,2023-01-31,569.98,Sileas Dogg,31/05/1999,7827162599,17502 Vahlen Way,1492043389,50959802,2023-02-02,1436.3,N
2812,38903150,Basic,97947050,2023-01-31,263.28,Noellyn Scotney,28/08/1985,7760234692,24 Nancy Terrace,1912023679,50959802,2023-02-14,1157.1,N
2818,38921478,Gold,58538323,2023-01-31,641.48,Everett Beazer,04/11/1933,7197761533,83244 Veith Avenue,768678234,30565855,2023-02-05,1292.8,N
2829,38969279,Gold,62429538,2023-01-31,195.74,Ambros Fitzgerald,11/06/1998,7326699118,88 Sugar Crossing,8603111812,21558805,2023-02-05,2160.7,N
2842,39013360,Joint,78561748,2023-01-31,987.76,Nance Swalwel,02/05/2003,7599679728,84 Wayridge Avenue,973381515,36871984,2023-02-12,1663.0,N
2844,39013360,Joint,63534356,2023-01-31,987.76,Eartha Brouncker,04/08/1938,7352327545,84 Wayridge Avenue,973381515,36871984,2023-02-12,1663.0,N
2852,39093565,Basic,8430162,2023-01-31,107.2,Reinaldos Pottberry,16/07/1991,7206025405,84585 Anderson Alley,9337783533,85924719,2023-02-08,1872.8,N
2873,39267013,Basic,36802473,2023-01-31,516.74,Penny Bartolommeo,08/05/1993,7674320345,423 Cascade Lane,9813247657,73668192,2023-02-02,1495.8,N
2888,39402264,Gold,73519658,2023-01-31,993.04,Sauncho Moland,29/07/1984,7279287444,56 Vermont Park,6719011871,30672740,2023-02-11,1949.6,N
2905,39516154,Gold,43881787,2023-01-31,620.87,Christalle Mitchel,23/08/1956,7445614911,641 Banding Drive,3493101317,95467370,2023-02-02,1273.1,N
2906,39516154,Gold,43881787,2023-01-31,620.87,Christalle Mitchel,23/08/1956,7445614911,641 Banding Drive,4941311604,10847941,2023-02-11,1094.0,N
2959,40039031,Gold,85969311,2023-01-31,124.72,Oralla Plumm,21/04/1940,7901713079,91 Washington Terrace,9791706700,86218347,2023-02-07,1581.8,N
2986,40189934,Gold,80955918,2023-01-31,804.21,Jaquelyn Cortin,25/10/1976,7933791829,9 Roth Junction,7180602892,64769583,2023-02-04,1705.8,N
3033,40745965,Gold,76131665,2023-01-31,654.15,Josepha Grattage,03/11/1980,7151819613,59658 Crescent Oaks Street,5596420425,45790907,2023-02-01,1264.3,N
3042,40872555,Gold,77433044,2023-01-31,115.88,Ewell Ducker,02/11/1978,7276923375,8 Morrow Court,5402673276,71266283,2023-02-04,1218.0,N
3059,41085190,Basic,16982197,2023-01-31,78.73,Drucie Adamkiewicz,18/01/1933,7956341732,533 Steensland Road,4025620235,45543867,2023-02-07,1522.0,N
3061,41085190,Basic,16982197,2023-01-31,78.73,Drucie Adamkiewicz,18/01/1933,7956341732,533 Steensland Road,7559132731,79570236,2023-02-08,1168.1,N
3063,41170515,Basic,15970555,2023-01-31,713.46,Dana Kenrack,09/10/1944,7102797795,35 Drewry Avenue,6199332598,89905732,2023-02-10,1147.5,N
3073,41245288,Gold,86165486,2023-01-31,540.61,Asia Wyld,21/05/1993,7247421402,820 Petterle Drive,9822470290,37443706,2023-02-13,1088.0,N
3089,41561470,Gold,70010884,2023-01-31,750.8,Normy Ebbers,12/08/1964,7758113429,10 Dahle Point,3592959115,15563919,2023-02-14,1083.0,N
3160,42235537,Basic,49493557,2023-01-31,165.2,Gilburt Sedgefield,09/07/1961,7833801224,1587 Bunting Crossing,9309396490,44228646,2023-02-08,1244.2,N
3178,42340050,Basic,61687744,2023-01-31,935.61,Adorne Petworth,24/03/1945,7461742489,45955 Darwin Lane,6590433992,16026987,2023-02-13,1678.8,N
3193,42652193,Gold,75578843,2023-01-31,566.53,Armstrong Conklin,19/03/1982,7615074864,91 Algoma Way,703305565,89438779,2023-02-13,1062.5,N
3207,42746180,Gold,21573282,2023-01-31,12.15,Tadio Pettersen,06/04/1986,7437806282,9 Del Mar Avenue,4758584850,78501355,2023-02-04,1610.8,N
3217,42783101,Gold,21705549,2023-01-31,289.82,Gannie Mustill,23/06/1959,7701932569,9 Schlimgen Terrace,8011320084,51198722,2023-02-07,1035.2,N
3220,42838186,Gold,43499450,2023-01-31,466.48,Shurlock Siviter,11/01/1989,7401023617,11082 Cottonwood Street,2733294954,15899774,2023-02-08,1382.5,N
3240,43064169,Basic,60315798,2023-01-31,555.44,Estelle Lemerie,15/03/1953,7800404494,5497 Mesta Park,5059383865,37642787,2023-02-10,1289.6,N
3259,43329727,Gold,18734931,2023-01-31,477.69,Cornelle Maytom,12/02/2001,7869160177,10 Raven Trail,9369412115,78076137,2023-02-04,1231.2,N
3294,43541008,Gold,66489980,2023-01-31,413.2,Simonette Westoll,16/08/1967,7595149901,28455 Truax Trail,9426131787,44228646,2023-02-05,1144.8,N
3300,43616790,Gold,99599289,2023-01-31,365.67,Jean Arthur,10/11/1957,7521843952,64 Duke Terrace,6474019611,63746530,2023-02-09,1705.6,N
3315,43811112,Gold,79342137,2023-01-31,99.92,Tremain Eilert,06/01/1951,7881749686,29401 Sachtjen Trail,3858103926,76869201,2023-02-09,1485.0,N
3348,44066457,Basic,95080512,2023-01-31,18.09,Anjanette Thridgould,03/08/1949,7277983085,8 Twin Pines Lane,5451548633,53831793,2023-02-13,1226.1,N
3361,44145489,Gold,37020061,2023-01-31,635.75,Meier Kerfut,13/02/1998,7282817564,2587 Rieder Parkway,7178801352,44242297,2023-02-12,1003.7,N
3432,44626164,Basic,83863026,2023-01-31,915.14,Rhys De Vuyst,12/05/1986,7323880621,13313 Lerdahl Avenue,9718945814,97581232,2023-02-09,1166.4,N
3462,44902994,Basic,38763037,2023-01-31,790.34,Elsi Payton,22/03/1935,7588400660,54091 Surrey Alley,8699896069,76847816,2023-02-03,1259.6,N
3494,45029598,Gold,30124635,2023-01-31,558.87,Jerri McCrohon,04/07/2003,7696895888,95 Vernon Park,9153064143,23295106,2023-02-14,1338.4,N
3499,45089475,Gold,9075825,2023-01-31,676.92,Stanley Hayball,26/02/1998,7152885450,7834 Messerschmidt Pass,1716564794,11333185,2023-02-13,1582.4,N
3508,45196342,Gold,48875359,2023-01-31,402.48,Briny Birckmann,08/01/1932,7545560274,722 Russell Circle,9837530847,31335654,2023-02-12,1192.7,N
3522,45558696,Basic,84299544,2023-01-31,760.19,Joannes Walczak,01/07/1981,7197765679,9702 Pierstorff Street,4635802795,60184250,2023-02-05,1526.1,N
3541,45706674,Basic,4564384,2023-01-31,390.73,Hertha Shuker,27/01/1964,7873638393,693 Kings Way,973893052,51266306,2023-02-01,1187.7,N
3551,45790907,Basic,15667286,2023-01-31,567.67,Trudy Labbey,12/02/1931,7725306240,77582 Anthes Road,5792539529,60114464,2023-02-10,1275.4,N
3559,45822265,Basic,53505952,2023-01-31,881.34,Bella Grafton,05/10/1951,7348166588,995 Canary Circle,4965345649,31183587,2023-02-05,1152.5,N
3587,46085917,Gold,97306296,2023-01-31,340.16,Felicdad Reder,20/10/1941,7889666644,6946 Hoffman Road,1599468271,63298193,2023-02-08,1374.1,N
3596,46215382,Gold,58028872,2023-01-31,549.77,Dayna Wanklyn,26/03/1966,7602067324,72808 Towne Place,1017702039,23959928,2023-02-03,1569.4,N
3638,46525458,Gold,77105828,2023-01-31,938.4,Tiphanie Ream,15/01/2002,7814193387,343 Starling Parkway,8791134862,12240007,2023-02-05,1748.6,N
3649,46643937,Gold,28934417,2023-01-31,751.73,Taryn Likly,14/08/1970,7584875836,55 Melrose Terrace,2359633759,38990596,2023-02-07,1348.3,N
3715,47406737,Gold,49321899,2023-01-31,963.14,Cece Dyde,22/11/1993,7748112315,684 Vera Parkway,5518845170,63301094,2023-02-06,1204.5,N
3719,47414258,Basic,57803449,2023-01-31,900.7,Dolley Shellibeer,02/02/1959,7334199920,4721 American Avenue,6391282196,18133554,2023-02-07,1277.4,N
3762,48071843,Gold,56236132,2023-01-31,997.62,Roxanne Simmon,04/05/2001,7833639896,8768 Sage Junction,1303697149,92319358,2023-02-09,1877.3,N
3765,48075275,Basic,57981876,2023-01-31,881.31,Archy Putson,23/08/1965,7563673747,8 Mosinee Road,6437150580,50219545,2023-02-14,1209.0,N
3808,48569537,Gold,7788927,2023-01-31,374.69,Cassius Winslett,11/03/1961,7835911732,17 Huxley Drive,4979321801,67157564,2023-02-01,1153.0,N
3831,48831634,Basic,60122537,2023-01-31,146.94,Rockie Neasham,14/07/1932,7214495114,7 Warrior Pass,2239143797,12666385,2023-02-04,1593.8,N
3833,48831634,Basic,60122537,2023-01-31,146.94,Rockie Neasham,14/07/1932,7214495114,7 Warrior Pass,4303172405,71381278,2023-02-11,1243.0,N
3855,48976336,Basic,2379564,2023-01-31,400.12,Dodie Clutram,23/07/1981,7653511897,63 Declaration Lane,7454571530,25006771,2023-02-01,2027.7,N
3862,49039474,Gold,17037391,2023-01-31,574.7,Junie Maydway,20/11/1956,7396627499,66 Ludington Alley,7467124287,92340721,2023-02-05,1168.4,N
3863,49039474,Gold,17037391,2023-01-31,574.7,Junie Maydway,20/11/1956,7396627499,66 Ludington Alley,7901964278,99685765,2023-02-11,1815.0,N
3885,49216581,Gold,23876156,2023-01-31,911.91,Corie Twopenny,18/09/1973,7579843768,69370 Surrey Plaza,2577914652,13197335,2023-02-10,1812.5,N
3921,49516533,Gold,20713805,2023-01-31,7.4,Kattie Sarvar,28/12/1981,7135138253,4552 Merrick Plaza,8833165655,27382109,2023-02-13,1188.4,N
3949,49581833,Basic,55839727,2023-01-31,117.56,Sherri Lafee,19/03/1977,7195798418,65178 Lyons Junction,1612227368,36668239,2023-02-02,1640.2,N
3972,50024545,Basic,59708744,2023-01-31,867.21,Cleon Britten,02/03/1980,7783295918,926 Garrison Court,8036664046,15258886,2023-02-11,1733.6,N
4022,50547726,Basic,8321976,2023-01-31,675.06,Josephine Langeley,24/01/1987,7810152803,154 Arapahoe Crossing,1519453760,49454023,2023-02-07,1070.1,N
4027,50610780,Basic,9900406,2023-01-31,536.41,Leone Stiegers,27/07/1941,7497531798,912 Thackeray Lane,2926458525,70469258,2023-02-05,2112.8,N
4045,50772829,Basic,32069845,2023-01-31,47.57,Pall Lownsbrough,19/01/1939,7112760146,843 Dayton Avenue,3472782188,62412215,2023-02-12,1278.9,N
4081,51298007,Basic,7182927,2023-01-31,427.17,Aeriel Robak,05/03/1983,7318674445,343 Pond Place,3227438283,27870202,2023-02-07,1613.2,N
4085,51313899,Gold,81877429,2023-01-31,189.04,Anabel Gumbrell,07/09/1981,7780840548,75 Graedel Lane,9357794492,66586860,2023-02-01,1072.7,N
4102,51471469,Gold,17600617,2023-01-31,611.19,Elli Hazleton,08/12/1981,7671784422,89314 Monica Lane,2094371123,45859156,2023-02-10,1725.1,N
4105,51504474,Basic,96559278,2023-01-31,153.25,Raeann Giamelli,07/03/1944,7141897730,50426 Lukken Court,4279360650,91576212,2023-02-08,1254.7,N
4121,51718829,Gold,76945325,2023-01-31,260.45,Allister Cheal,30/09/1976,7778730139,15350 Sullivan Trail,6977551879,13197335,2023-02-09,1043.8,N
4135,52104303,Gold,2746224,2023-01-31,810.97,Fulton Cush,17/11/1935,7818008990,2484 Hagan Pass,2838292226,49840526,2023-02-09,1530.9,N
4139,52117174,Gold,65018825,2023-01-31,932.96,Kaela Ladbrook,09/07/1933,7504495688,16573 Dryden Road,4793151094,67862200,2023-02-09,1131.6,N
4161,52317175,Gold,68550465,2023-01-31,25.94,Osborn Di Gregorio,29/07/1993,7698908775,7678 Little Fleur Road,2202297596,76256026,2023-02-12,1145.7,N
4173,52442629,Basic,42457169,2023-01-31,617.92,Paulita Samme,20/07/1953,7113330058,52 Clemons Road,3741609099,38990596,2023-02-03,1462.8,N
4175,52461586,Gold,38951641,2023-01-31,596.3,Penny Skitt,02/06/1933,7990083087,572 Drewry Circle,5976076416,97988499,2023-02-08,1026.8,N
4196,52814597,Gold,92201515,2023-01-31,899.39,Aluin Errey,11/01/1993,7748137461,65 Ramsey Court,2019114135,87876065,2023-02-01,1821.6,N
4197,52814597,Gold,92201515,2023-01-31,899.39,Aluin Errey,11/01/1993,7748137461,65 Ramsey Court,2978569654,11475827,2023-02-11,1129.9,N
4206,52855120,Basic,72044461,2023-01-31,880.21,Delmor Anniwell,07/09/1988,7115991231,2685 Pankratz Plaza,5048240294,77026279,2023-02-12,1640.8,N
4216,52911248,Gold,94153619,2023-01-31,430.16,Port Berrycloth,04/10/1982,7614724836,3 5th Drive,7977048825,46215382,2023-02-10,2084.1,N
4240,53086727,Gold,99170960,2023-01-31,408.74,Kathe Winslade,07/06/1981,7926756392,9 West Hill,9161107409,96719450,2023-02-10,1362.1,N
4253,53161068,Gold,34071507,2023-01-31,945.53,Neill Jowle,20/01/1984,7185971315,8 Marquette Crossing,9909979543,10034341,2023-02-03,1566.6,N
4265,53260868,Basic,79977068,2023-01-31,966.85,Bobbee Sterre,25/09/1973,7104773838,2776 Macpherson Avenue,4529731146,33240853,2023-02-07,1429.1,N
4304,53753986,Gold,70147733,2023-01-31,252.69,Georgie Hampton,01/11/1930,7825742292,7 Springview Drive,4143382547,81475774,2023-02-04,1059.1,N
4327,53845615,Basic,53284971,2023-01-31,597.04,Melita Grouvel,20/01/1991,7528594995,1 Victoria Point,9881869013,41252281,2023-02-10,1052.9,N
4357,54032229,Basic,91467409,2023-01-31,176.12,Marlie Benadette,18/10/1975,7176111121,8279 Monument Lane,9131693652,34252525,2023-02-13,1503.4,N
4378,54288062,Basic,68699676,2023-01-31,336.75,Ardelle Lazar,20/09/1938,7407503871,43221 Spaight Place,7411217719,78362587,2023-02-04,1266.4,N
4393,54377130,Basic,56387568,2023-01-31,425.86,Carmela Warrilow,20/08/1959,7816201787,8 Laurel Parkway,1054269300,77917083,2023-02-08,1119.6,N
4397,54377538,Basic,51972414,2023-01-31,845.93,Vernon Nind,05/06/1964,7654658219,6166 Toban Park,5029081461,65603779,2023-02-02,1145.1,N
4424,54589543,Gold,38862266,2023-01-31,817.51,Dorie Dehn,21/09/2003,7933456967,31 Farragut Place,6955368524,82764940,2023-02-02,1117.0,N
4436,54868017,Gold,71462944,2023-01-31,789.86,Pen Wilshere,11/05/1934,7361493364,20 Laurel Point,3481459262,58811985,2023-02-08,1024.6,N
4438,54878364,Gold,6668693,2023-01-31,80.24,Aurie Finlan,18/05/1978,7337199494,1141 Mccormick Point,8350823712,37945317,2023-02-07,1689.7,N
4448,54937975,Basic,91548641,2023-01-31,218.66,Noemi Ravenscraft,29/04/1939,7388919183,7864 Crowley Crossing,6080261693,93529019,2023-02-11,1507.4,N
4472,55168205,Basic,69619118,2023-01-31,578.4,Sunny Wyllis,25/08/1956,7480760286,2 Hanover Way,7429340245,95993993,2023-02-14,1137.7,N
4477,55304418,Basic,26132993,2023-01-31,968.71,Tatum McGarahan,19/09/1942,7450115970,1875 Hanson Court,5898567321,49520335,2023-02-10,1795.9,N
4478,55304418,Basic,26132993,2023-01-31,968.71,Tatum McGarahan,19/09/1942,7450115970,1875 Hanson Court,6020529444,92376825,2023-02-11,1214.6,N
4530,55986027,Basic,52570643,2023-01-31,38.94,Honey Marns,08/04/1956,7121727227,637 Schmedeman Alley,215959175,64065043,2023-02-13,1619.8,N
4563,56458213,Gold,99878891,2023-01-31,731.3,Vasily McVeagh,17/07/1963,7375175770,3 Dennis Plaza,4527381423,16984772,2023-02-02,1351.2,N
4569,56483442,Gold,36729733,2023-01-31,151.85,Rudd Surmeir,22/10/1970,7941697234,201 Parkside Road,4513208813,93981472,2023-02-02,1298.8,N
4627,57084496,Gold,26325259,2023-01-31,58.05,Fayth Baude,22/11/1937,7728350778,453 Debra Crossing,8426476287,76256026,2023-02-12,1251.2,N
4634,57108303,Gold,57161447,2023-01-31,737.04,Barbara-anne Kiehl,03/08/1971,7138794713,79 Crest Line Park,9198830945,77551209,2023-02-04,1795.8,N
4639,57145139,Gold,15236607,2023-01-31,708.46,Timofei Knibb,27/02/1966,7409125369,7455 Raven Center,2073899234,86941058,2023-02-05,1233.7,N
4656,57224848,Joint,5704707,2023-01-31,30.59,Maxine Mitkov,25/02/2003,7451886038,229 Lighthouse Bay Way,1934756474,22830156,2023-02-10,1987.3,N
4661,57224848,Joint,43197459,2023-01-31,30.59,Milt Laker,27/03/1945,7631114748,229 Lighthouse Bay Way,1934756474,22830156,2023-02-10,1987.3,N
4670,57300901,Basic,4794025,2023-01-31,302.87,Viviene Hellwing,01/09/1931,7575280540,31233 Portage Lane,6201286004,78945298,2023-02-04,1320.2,N
4690,57436108,Gold,62421788,2023-01-31,899.46,Haven Nyland,01/10/1938,7629107844,3 Dennis Road,4852845719,53234515,2023-02-04,1349.2,N
4720,57790631,Basic,28145258,2023-01-31,893.46,Bald Pesterfield,21/09/1994,7591095920,10680 Sundown Crossing,6186639290,40374724,2023-02-14,1139.7,N
4734,57948925,Basic,34409128,2023-01-31,194.11,Sigismond Merrikin,09/07/1942,7427994477,98805 Namekagon Court,8249004485,42652193,2023-02-04,1465.5,N
4735,57948925,Basic,34409128,2023-01-31,194.11,Sigismond Merrikin,09/07/1942,7427994477,98805 Namekagon Court,9129991358,76343783,2023-02-13,1505.7,N
4738,58009817,Gold,52235668,2023-01-31,887.22,Cilka Krugmann,11/11/1936,7903604793,2 Melby Street,4129627066,24250015,2023-02-12,1354.4,N
4760,58216756,Basic,13012723,2023-01-31,642.13,Samara Dreossi,27/08/1940,7308649451,9712 Katie Junction,7293949189,93564856,2023-02-12,1690.9,N
4790,58306431,Gold,14422849,2023-01-31,576.56,Uriel Murkus,22/07/1957,7522998076,37 Hermina Plaza,5116128121,10553619,2023-02-14,1485.6,N
4816,58491429,Basic,83975113,2023-01-31,937.47,Bernetta Hagan,27/04/2001,7663200977,72746 Heath Plaza,8636422310,27193470,2023-02-06,1486.9,N
4841,58720727,Gold,31882285,2023-01-31,471.56,Minda Ewols,22/08/1989,7456143918,80437 Farmco Court,7362541414,26375186,2023-02-14,1650.9,N
4852,58822254,Basic,25507597,2023-01-31,79.7,Melodie Elstone,12/09/1955,7369065448,81657 Pleasure Circle,5001214122,90951743,2023-02-02,1559.2,N
4870,59110895,Basic,97934007,2023-01-31,605.5,Arron Isaac,30/07/1951,7116758375,1278 Mallard Park,3072380945,22393008,2023-02-09,1260.0,N
4873,59135815,Basic,17893118,2023-01-31,240.6,Vivianna Pennycord,19/04/1965,7465002233,252 Monument Junction,6998049056,66706067,2023-02-10,1202.5,N
4876,59152169,Basic,37329529,2023-01-31,148.6,Dwayne Boc,19/05/1960,7979396226,7 Kim Terrace,6088822880,27713909,2023-02-09,1160.0,N
4880,59198134,Basic,95283111,2023-01-31,122.62,Sileas Rowter,01/03/1932,7515621440,86 Nancy Drive,4903491501,49696722,2023-02-13,1291.4,N
4890,59238438,Gold,87088344,2023-01-31,105.1,Jehanna Sprakes,31/10/1975,7140498765,9636 Michigan Junction,7719095529,66257438,2023-02-12,1799.2,N
4892,59252971,Gold,55717348,2023-01-31,803.65,Abbie Bonehill,14/10/2003,7325085865,2346 Killdeer Terrace,9326834948,53091928,2023-02-07,1741.9,N
4908,59455653,Gold,53605869,2023-01-31,4.64,Zarah Johananoff,12/05/1964,7898432354,5273 Manufacturers Way,7904620219,34866268,2023-02-12,1261.7,N
4925,59653557,Basic,19978668,2023-01-31,649.61,Kellyann Lathom,14/09/1965,7109322093,24 Macpherson Street,5990349416,25698177,2023-02-06,1524.9,N
4929,59663741,Basic,37852798,2023-01-31,642.86,Franciskus Scimoni,23/12/1989,7159541292,929 Bowman Center,8003487307,95710324,2023-02-10,1484.2,N
4940,59705091,Gold,72072902,2023-01-31,631.05,Benedicta Pandya,25/09/1951,7103973839,95610 Memorial Street,7185989434,75134291,2023-02-11,1677.5,N
4951,59876714,Basic,9186886,2023-01-31,938.46,Saudra Aldritt,24/02/1935,7140080643,50689 Homewood Avenue,1919089853,54300071,2023-02-13,1535.7,N
4970,60114464,Basic,5671967,2023-01-31,972.56,Eddie Wrate,22/03/1953,7177929734,3482 Birchwood Terrace,7505483471,81561788,2023-02-11,1777.8,N
4974,60138058,Basic,63274244,2023-01-31,686.46,Filip Doneld,16/05/1930,7662121950,143 Northwestern Avenue,5019162140,22393008,2023-02-10,1526.7,N
5027,60667043,Gold,81635721,2023-01-31,937.62,Xaviera Morecombe,06/06/1936,7734631525,83 Cascade Court,3449677802,74604471,2023-02-11,1199.0,N
5064,60860851,Basic,39258394,2023-01-31,17.96,Langston Gunson,25/04/1931,7123651818,34619 Claremont Court,1030564639,87556975,2023-02-07,1372.5,N
5085,60996794,Basic,72296511,2023-01-31,27.98,Vere Radenhurst,20/06/1994,7570905168,3405 Utah Hill,9044315250,53884626,2023-02-13,1525.2,N
5088,61087394,Basic,87142111,2023-01-31,112.81,Lalo Cheesman,02/10/1967,7507591005,1 Lawn Point,3693906904,46073044,2023-02-14,1879.5,N
5089,61087394,Basic,87142111,2023-01-31,112.81,Lalo Cheesman,02/10/1967,7507591005,1 Lawn Point,4416585330,37789180,2023-02-08,1621.0,N
5096,61178950,Basic,37666929,2023-01-31,104.88,Gawen Feldheim,17/10/1986,7551559282,9778 Larry Crossing,2882617933,41282329,2023-02-13,1023.0,N
5110,61279456,Basic,14049841,2023-01-31,814.3,Brear Radenhurst,07/08/1953,7499422184,2767 Drewry Point,5775240375,14103210,2023-02-13,1406.7,N
5181,61724951,Gold,26882908,2023-01-31,656.25,Estrella Pretley,08/11/1933,7283853245,9858 Hagan Pass,9662970398,72354216,2023-02-13,1127.3,N
5184,61847987,Basic,91382721,2023-01-31,874.22,Deloris Blackader,07/09/1937,7737759100,94017 Roth Place,4322436110,64683004,2023-02-08,2017.7,N
5189,61860337,Basic,54445053,2023-01-31,892.77,Ursuline Netti,15/04/1953,7931767158,97809 Brentwood Way,8307972981,93446276,2023-02-09,1679.2,N
5220,62213525,Gold,60293593,2023-01-31,45.68,Nanice Wegener,14/05/1993,7988756428,671 Dottie Court,8875038309,23415061,2023-02-04,1702.7,N
5224,62222306,Gold,15491759,2023-01-31,304.45,Marice Brunsdon,05/07/1956,7718039705,4120 Monterey Parkway,3977310534,58126511,2023-02-04,1639.2,N
5232,62256127,Gold,28577325,2023-01-31,784.39,Berri Bradberry,12/07/1994,7528399319,43 Schlimgen Pass,5425969864,36696277,2023-02-12,1491.7,N
5233,62256127,Gold,28577325,2023-01-31,784.39,Berri Bradberry,12/07/1994,7528399319,43 Schlimgen Pass,8141884395,60017511,2023-02-11,1363.6,N
5290,63232279,Basic,24064962,2023-01-31,931.78,Ronnie Shoebrook,27/10/1986,7699578127,55543 Schlimgen Trail,5011570401,10271519,2023-02-03,2285.6,N
5313,63486424,Basic,88503839,2023-01-31,531.83,Edvard Vearncomb,04/07/1966,7752063269,229 Evergreen Drive,4969871574,13426667,2023-02-12,1224.6,N
5323,63569270,Basic,6229551,2023-01-31,949.8,Valerie Knights,20/03/1972,7714059640,56 International Plaza,5484911877,53858816,2023-02-11,1231.3,N
5329,63714888,Basic,53161387,2023-01-31,632.75,Dennison Plank,08/04/1997,7698172293,137 Iowa Circle,2640055526,79329254,2023-02-12,1143.7,N
5382,64299012,Basic,68222526,2023-01-31,509.56,Ludvig Mustard,14/08/1998,7712521123,9125 Bultman Center,3142386262,86068003,2023-02-14,2620.1,N
5409,64402841,Basic,87308766,2023-01-31,751.76,Rowney Pepin,16/02/1949,7841846726,971 Homewood Drive,6541213046,29039134,2023-02-12,1411.1,N
5417,64462046,Gold,80441621,2023-01-31,847.04,Ebenezer Skinley,03/07/2002,7277016427,9 Jackson Drive,4658240718,36636385,2023-02-07,1392.7,N
5418,64486954,Gold,70983885,2023-01-31,378.0,Eliza Morrad,11/07/1983,7443679085,30397 Morningstar Drive,1600966713,62671957,2023-02-11,1454.9,N
5419,64486954,Gold,70983885,2023-01-31,378.0,Eliza Morrad,11/07/1983,7443679085,30397 Morningstar Drive,4133808312,41282329,2023-02-05,1685.4,N
5479,65143384,Basic,42907105,2023-01-31,227.08,Annmaria Craske,28/06/1957,7505587763,1045 Thompson Circle,2799250149,77688406,2023-02-07,1516.3,N
5488,65200379,Basic,69150184,2023-01-31,4.27,Shirl Schulter,27/04/1977,7688231017,61202 Red Cloud Park,652262031,72986897,2023-02-12,1682.4,N
5497,65220738,Basic,31920720,2023-01-31,873.56,Alix Rawling,11/04/1949,7860665629,9145 Petterle Street,7259250836,19956941,2023-02-03,1121.6,N
5498,65220738,Basic,31920720,2023-01-31,873.56,Alix Rawling,11/04/1949,7860665629,9145 Petterle Street,7564360178,98620342,2023-02-05,1533.5,N
5517,65589565,Gold,37386889,2023-01-31,321.99,Annabel Medd,17/02/1959,7175713923,24 Warner Junction,57491925,19094015,2023-02-12,1761.1,N
5543,65754176,Basic,50008491,2023-01-31,716.55,King Wooler,27/12/1975,7310078589,9925 Weeping Birch Plaza,8549509183,18348734,2023-02-09,1045.1,N
5558,66152145,Basic,38808976,2023-01-31,83.45,Arvy Brogiotti,25/03/1962,7284297046,6156 Eggendart Parkway,1619996944,43811112,2023-02-07,1760.8,N
5579,66341438,Basic,59058746,2023-01-31,685.06,Cairistiona Stoeckle,12/05/1982,7580758768,9 Linden Pass,512522472,32192958,2023-02-05,1625.6,N
5580,66341438,Basic,59058746,2023-01-31,685.06,Cairistiona Stoeckle,12/05/1982,7580758768,9 Linden Pass,1422621332,49581833,2023-02-13,1013.4,N
5598,66449974,Gold,2041097,2023-01-31,795.59,Monti Lathe,13/02/1947,7249772883,82491 Summer Ridge Court,5020894869,96224831,2023-02-12,1265.1,N
5614,66586860,Gold,32419583,2023-01-31,938.51,Urson Fulbrook,21/07/1974,7660206901,3423 Stephen Circle,9184252820,84695068,2023-02-12,1764.4,N
5626,66700123,Joint,11926149,2023-01-31,175.15,Rene Erik,17/01/1972,7134186207,92670 Garrison Place,9442192019,89088715,2023-02-02,1180.2,N
5630,66700123,Joint,47837176,2023-01-31,175.15,Rebekkah Blais,10/03/1964,7527765994,92670 Garrison Place,9442192019,89088715,2023-02-02,1180.2,N
5636,66706067,Gold,75490620,2023-01-31,1.98,Leilah Godfroy,14/01/1956,7801392491,18 Loftsgordon Crossing,7532678911,45816894,2023-02-08,1006.9,N
5667,67056187,Basic,69268250,2023-01-31,392.51,Rocky Matijasevic,18/08/1987,7675049529,90 Garrison Lane,8300680616,15922706,2023-02-11,1370.2,N
5670,67090449,Gold,50912564,2023-01-31,724.35,Dottie Ladd,19/10/1978,7734614888,22552 Harper Junction,4658575884,69556322,2023-02-14,1145.9,N
5703,67466632,Gold,36121292,2023-01-31,350.06,Gayle Bellwood,13/09/1952,7116687087,8012 Oak Valley Terrace,9122546715,94060198,2023-02-05,1317.7,N
5721,67561762,Basic,59474952,2023-01-31,469.23,Normand Ginty,05/04/1952,7197800109,76877 Brown Avenue,6596987310,33915504,2023-02-11,1136.3,N
5743,67716893,Basic,9603887,2023-01-31,250.99,Carny Atthow,14/07/1970,7646508264,89319 Truax Parkway,7926940879,44586370,2023-02-07,1500.0,N
5761,67911201,Basic,80857670,2023-01-31,762.17,Lucienne Mowsdell,09/07/1958,7991778658,60633 Anzinger Drive,7254890195,17024652,2023-02-09,1558.7,N
5814,68483071,Gold,64252861,2023-01-31,25.88,Bendicty Skipping,10/04/1965,7949590159,27675 Talisman Junction,7335798604,15793232,2023-02-05,1580.8,N
5815,68483071,Gold,64252861,2023-01-31,25.88,Bendicty Skipping,10/04/1965,7949590159,27675 Talisman Junction,9596601547,22137086,2023-02-04,2122.7,N
5816,68484031,Basic,93396506,2023-01-31,853.99,Tine Barnet,13/02/1952,7131680793,12016 Lotheville Pass,6506779748,82259327,2023-02-05,1463.6,N
5830,68708795,Basic,67892807,2023-01-31,399.11,Berna Hawgood,25/02/1982,7256434196,3 Dexter Terrace,2973618347,72809943,2023-02-14,1297.2,N
5888,69118170,Basic,3277146,2023-01-31,109.35,Franky Syseland,25/01/1951,7210363393,2 Atwood Center,7550092060,32888555,2023-02-06,1161.4,N
5939,69648759,Basic,57398869,2023-01-31,693.39,Mora Reddin,16/08/1981,7485581191,8 Eggendart Plaza,8757806101,61555609,2023-02-13,1503.2,N
5977,70214700,Basic,8454965,2023-01-31,152.79,Adrianne MacGahey,05/01/1934,7751618342,42 Fisk Park,256401322,30518350,2023-02-06,1498.3,N
5978,70214700,Basic,8454965,2023-01-31,152.79,Adrianne MacGahey,05/01/1934,7751618342,42 Fisk Park,664959989,39402264,2023-02-01,1255.3,N
5987,70231750,Basic,11858841,2023-01-31,749.6,Erin Zelland,19/01/1985,7506533244,832 Delaware Point,5282224801,24434457,2023-02-03,2128.4,N
5988,70231750,Basic,11858841,2023-01-31,749.6,Erin Zelland,19/01/1985,7506533244,832 Delaware Point,7448776126,88926132,2023-02-04,1618.2,N
6002,70469258,Gold,4813767,2023-01-31,868.53,Gabie Comi,21/01/1969,7838706062,548 Lawn Hill,7839551769,46064017,2023-02-10,1575.6,N
6007,70554021,Gold,41586339,2023-01-31,44.26,Nert Rosenzwig,11/11/1991,7280776110,684 Bobwhite Terrace,2395653497,60114464,2023-02-10,1188.3,N
6012,70624878,Gold,31108534,2023-01-31,328.5,Cobby Jedrzejewsky,16/10/1997,7444846231,93122 Summit Point,495755869,92155262,2023-02-08,1051.3,N
6085,71280775,Basic,48284526,2023-01-31,427.44,Harmon Monroe,08/05/1990,7952399339,76 Myrtle Crossing,4052648021,23271383,2023-02-06,1176.9,N
6089,71332337,Basic,27293736,2023-01-31,661.23,Gisella Farady,06/10/1930,7682559522,38 Forest Run Crossing,1740428250,21558805,2023-02-07,1434.3,N
6101,71444662,Gold,91632181,2023-01-31,276.78,Adelice Ghidoli,04/07/1982,7319330281,52566 Shopko Street,2076804692,60017511,2023-02-04,1131.3,N
6116,71643841,Gold,31915563,2023-01-31,232.5,Ange Stoneham,11/05/1933,7205592453,24728 Emmet Lane,7834529188,82115900,2023-02-14,1308.6,N
6129,71868471,Basic,21542668,2023-01-31,474.32,Lanae Lutas,07/09/1938,7655940959,5 Myrtle Trail,6437426330,26109213,2023-02-05,1315.1,N
6132,71934515,Gold,40723861,2023-01-31,340.99,Edmund Roseby,21/08/1945,7754311768,643 Fordem Center,2976252556,62412215,2023-02-06,1011.5,N
6153,72208029,Gold,85019845,2023-01-31,11.37,Daphna Aizikovitz,13/09/1982,7750510983,587 Oxford Plaza,8489908664,85344981,2023-02-06,1024.2,N
6174,72309641,Basic,35096245,2023-01-31,386.61,Simeon Westwell,17/06/1966,7196750963,57 Cordelia Drive,3441549473,64168292,2023-02-14,1323.7,N
6180,72354216,Gold,9688537,2023-01-31,852.23,Llywellyn Shinfield,12/08/1979,7365625939,589 Manitowish Alley,4657383655,18348734,2023-02-14,2010.0,N
6230,72934756,Gold,81155648,2023-01-31,829.55,Andeee Targetter,14/03/1959,7267888814,6 Oakridge Avenue,1946831050,13267945,2023-02-04,1080.2,N
6235,72971287,Basic,4046861,2023-01-31,890.23,Ag Dabinett,26/03/1954,7415170675,43624 Farmco Pass,7088915162,78501355,2023-02-10,1038.8,N
6261,73234341,Gold,96602101,2023-01-31,811.71,Evonne Blackesland,14/03/1969,7348055344,8 Esker Parkway,9484849237,80709302,2023-02-11,2044.6,N
6276,73328955,Basic,83595618,2023-01-31,404.7,Blithe Pettipher,22/04/2002,7404796564,552 Fair Oaks Plaza,799584541,38558525,2023-02-07,1819.0,N
6288,73439131,Gold,82669243,2023-01-31,863.01,Lind Shaddock,23/01/1971,7875585595,16 Bunting Trail,9493811697,96278865,2023-02-06,1069.0,N
6327,73983591,Basic,68617317,2023-01-31,292.39,Rube Blacket,10/05/1992,7527198701,63 Division Crossing,6596515745,16124993,2023-02-08,1668.5,N
6346,74252410,Gold,11036099,2023-01-31,278.47,Dulcia Crohan,18/04/1969,7136741404,152 Farmco Park,304709484,91184544,2023-02-11,1207.7,N
6350,74255305,Gold,41709088,2023-01-31,3.7,Sunny Grzegorecki,22/05/1965,7272693744,61 Victoria Park,3932700171,68484031,2023-02-11,1672.7,N
6369,74441123,Gold,70613921,2023-01-31,833.24,Sebastien Cahn,01/03/2002,7110855146,16412 Pennsylvania Point,7893312475,33527603,2023-02-13,1154.7,N
6379,74544582,Basic,81784295,2023-01-31,407.96,Kelcey Rosenhaupt,16/12/1980,7546294865,4456 Farwell Pass,6377660596,19956941,2023-02-08,1010.6,N
6423,75134291,Basic,23415773,2023-01-31,903.25,Corabel Leisman,10/10/1948,7782076118,22 Weeping Birch Point,1893648036,58925998,2023-02-12,1261.6,N
6479,75747094,Basic,80601641,2023-01-31,289.48,Edith Carmen,23/12/2000,7384976565,61 Hansons Park,6911274516,85496714,2023-02-12,1314.3,N
6483,75762044,Basic,74637124,2023-01-31,980.08,Holt Hughes,19/10/1954,7493217015,968 Bartelt Alley,634727354,89225677,2023-02-07,1107.6,N
6510,76146870,Basic,69518742,2023-01-31,414.24,Dianne Obern,07/04/1940,7665669464,64097 Sauthoff Court,9675139412,52835507,2023-02-14,1053.5,N
6511,76169332,Basic,98682102,2023-01-31,615.46,Jacqueline Comello,15/08/1933,7366780779,2669 Sommers Way,3478144698,99481977,2023-02-02,1695.5,N
6525,76257915,Gold,44222762,2023-01-31,795.66,Lemmy Kingaby,09/08/1993,7295738518,10809 Florence Hill,5400364764,76482858,2023-02-07,1236.7,N
6564,76546657,Gold,15219884,2023-01-31,434.77,Nathanil Crate,30/11/1974,7149355836,3 Beilfuss Alley,9187890232,46597215,2023-02-08,1123.1,N
6570,76662799,Basic,75676679,2023-01-31,296.68,Lena McGiff,29/06/1960,7530042054,6839 Nobel Road,5824449856,88538200,2023-02-10,1394.1,N
6582,76847816,Gold,91111081,2023-01-31,197.8,Maribeth L'Episcopio,04/12/1944,7146390021,81708 Almo Lane,1911852973,72716288,2023-02-07,1282.4,N
6626,77342574,Gold,63713675,2023-01-31,907.34,Pace Le Guin,02/12/1941,7280999435,3 2nd Way,3827516005,19980716,2023-02-02,1774.7,N
6628,77342574,Gold,63713675,2023-01-31,907.34,Pace Le Guin,02/12/1941,7280999435,3 2nd Way,6813115820,35405748,2023-02-02,1666.0,N
6659,77554032,Gold,88425247,2023-01-31,646.5,Randi Rubinivitz,27/03/1979,7367414287,14 Rigney Crossing,6575815251,26632358,2023-02-07,1029.9,N
6721,77931114,Gold,12707756,2023-01-31,480.52,Lara Betteriss,29/09/1997,7847260700,3774 Shopko Center,9076940436,46643937,2023-02-12,1041.9,N
6778,78296743,Gold,63537200,2023-01-31,406.97,Silvain Gypson,17/02/1989,7180030696,366 Hagan Drive,7087580108,44317934,2023-02-01,1888.2,N
6784,78343618,Basic,38347662,2023-01-31,30.43,Torrence Owtram,23/07/1992,7848649593,84 Pepper Wood Pass,2837013145,87801896,2023-02-03,1632.0,N
6785,78343618,Basic,38347662,2023-01-31,30.43,Torrence Owtram,23/07/1992,7848649593,84 Pepper Wood Pass,6438233536,71718483,2023-02-02,1193.3,N
6786,78362587,Gold,23785249,2023-01-31,390.79,Derrik Fenelow,28/02/1950,7290005814,6627 Union Center,560740182,67147649,2023-02-02,1499.9,N
6787,78362587,Gold,23785249,2023-01-31,390.79,Derrik Fenelow,28/02/1950,7290005814,6627 Union Center,921255039,81994568,2023-02-04,1510.5,N
6792,78362587,Gold,23785249,2023-01-31,390.79,Derrik Fenelow,28/02/1950,7290005814,6627 Union Center,5805207273,87179572,2023-02-01,1292.5,N
6799,78395863,Gold,43120555,2023-01-31,458.24,Martynne Leversha,06/11/1989,7109047769,81 Algoma Crossing,6568574511,54301151,2023-02-12,1619.3,N
6805,78541427,Basic,57993685,2023-01-31,366.51,Audrye Yarmouth,07/01/1937,7294196796,33 Banding Circle,5934283340,32424424,2023-02-06,1751.6,N
6826,78773905,Basic,14287372,2023-01-31,511.78,Kary Jeanneau,02/12/1949,7581411435,66 Lawn Junction,2589340206,25779398,2023-02-11,1104.5,N
6856,78927989,Gold,87222885,2023-01-31,825.23,Juline Gillion,18/10/1993,7398841684,1540 Karstens Way,5106930413,16223952,2023-02-05,1174.8,N
6870,79033058,Basic,46306899,2023-01-31,97.12,Barnaby Boydon,10/11/1964,7560843018,917 Charing Cross Parkway,9800350713,30112323,2023-02-09,1504.7,N
6938,79570236,Gold,95393533,2023-01-31,91.66,Cicily Dearnly,13/05/1980,7353891176,7585 Michigan Park,2966603895,39504855,2023-02-11,1000.2,N
7008,80360244,Basic,4116700,2023-01-31,658.35,Elysia Holah,10/08/1973,7662674087,8420 Sugar Center,187032653,54565625,2023-02-06,1947.3,N
7036,80610910,Basic,75817498,2023-01-31,139.54,Liva Sotheron,04/10/1994,7195063101,33439 Dexter Trail,4692910372,98940578,2023-02-06,1032.3,N
7038,80678427,Basic,90881466,2023-01-31,97.72,Miguelita Wildbore,03/02/1976,7865100182,134 Gale Hill,3268335284,61781801,2023-02-08,1051.4,N
7052,80787776,Gold,40267424,2023-01-31,460.46,Saundra Hargitt,01/09/1988,7281724264,7211 Eastlawn Junction,8821350304,64237458,2023-02-05,1295.5,N
7054,80808205,Basic,14515913,2023-01-31,280.92,Aymer Chessman,14/05/1979,7629430015,92952 Jackson Place,3988237213,47483982,2023-02-13,1017.6,N
7056,80808205,Basic,14515913,2023-01-31,280.92,Aymer Chessman,14/05/1979,7629430015,92952 Jackson Place,7389839740,92052516,2023-02-02,1082.7,N
7058,80808205,Basic,14515913,2023-01-31,280.92,Aymer Chessman,14/05/1979,7629430015,92952 Jackson Place,8244446277,37796234,2023-02-02,1698.0,N
7078,81049128,Basic,72939081,2023-01-31,694.91,Joanne Shrieves,21/12/1961,7961408348,31 Sauthoff Terrace,3776478144,85559926,2023-02-09,1727.8,N
7134,81384411,Basic,19508036,2023-01-31,175.86,Donella Stutely,16/09/1992,7497282395,74 Fremont Court,8535701494,85994636,2023-02-04,1361.0,N
7139,81445756,Basic,62579126,2023-01-31,267.66,Mic Knok,24/04/1996,7865262263,81645 Menomonie Hill,1571769293,79933337,2023-02-03,1253.8,N
7159,81655495,Basic,84399484,2023-01-31,315.33,Vernice Blonfield,15/03/1933,7981776102,718 Heath Way,275656446,28911002,2023-02-01,1139.7,N
7161,81655495,Basic,84399484,2023-01-31,315.33,Vernice Blonfield,15/03/1933,7981776102,718 Heath Way,9709278754,59705091,2023-02-02,1091.2,N
7174,81855175,Basic,40254216,2023-01-31,907.59,Iona Ehlerding,14/11/1986,7469952982,14308 Heath Pass,9778671273,91259453,2023-02-12,1801.4,N
7184,82023979,Gold,76986856,2023-01-31,744.37,Barb Eminson,20/07/1974,7748168711,3149 American Ash Hill,46779876,21694967,2023-02-02,1019.5,N
7215,82314789,Basic,32672743,2023-01-31,735.77,Carrie Agdahl,01/11/1944,7526689864,890 Sutteridge Court,7898967763,47091705,2023-02-09,1340.1,N
7240,82764940,Gold,76581569,2023-01-31,876.37,Becca Neasham,12/04/1975,7801802851,6 Raven Place,5673229496,41085190,2023-02-10,1580.9,N
7242,82776251,Basic,87578446,2023-01-31,747.11,Morlee Urridge,09/01/1979,7504374105,1 Towne Park,974884987,44228646,2023-02-04,1315.2,N
7254,82911152,Basic,968774,2023-01-31,564.11,Elmer Keable,22/05/1979,7858847361,82 Cascade Road,6519971022,18133554,2023-02-11,1104.0,N
7256,82920281,Basic,30951349,2023-01-31,41.13,Fernanda Silvester,22/06/1956,7264886209,55 Sugar Parkway,1118814797,72008772,2023-02-03,1791.6,N
7265,83003822,Basic,30667689,2023-01-31,286.54,Paulie Gofton,04/12/1957,7504506285,40 Oak Circle,7953628902,81267006,2023-02-10,1430.6,N
7314,83530155,Basic,85140865,2023-01-31,638.57,Doyle Abbyss,15/05/1934,7121818033,1493 Tomscot Road,248526839,98620342,2023-02-12,1006.5,N
7319,83530541,Gold,40898819,2023-01-31,630.6,Lind Mickelwright,12/12/1972,7478747011,4391 Amoth Center,7447043141,52203356,2023-02-08,1316.4,N
7370,83981442,Gold,84350400,2023-01-31,89.35,Emelyne Victory,27/06/1975,7635714109,793 Oak Center,2959546091,65724980,2023-02-06,1138.4,N
7385,84188877,Basic,74717793,2023-01-31,624.29,Milly McCullogh,23/07/1966,7311953078,6491 Northview Junction,6666668774,68973836,2023-02-11,1273.1,N
7387,84188877,Basic,74717793,2023-01-31,624.29,Milly McCullogh,23/07/1966,7311953078,6491 Northview Junction,8896546893,18718399,2023-02-10,1800.7,N
7400,84310867,Gold,76544315,2023-01-31,258.66,Emlynne Oneile,19/08/1968,7871594297,42 Stoughton Trail,2456424484,29288598,2023-02-14,1295.6,N
7409,84366763,Gold,50060956,2023-01-31,734.48,Hedda Breukelman,16/08/1981,7559993711,5 Monument Circle,9534445568,77418940,2023-02-11,1012.8,N
7414,84406205,Basic,38257919,2023-01-31,818.63,Kienan Agate,15/10/1952,7498582538,14 Melvin Pass,791244091,16118153,2023-02-13,1827.6,N
7427,84448752,Gold,53288992,2023-01-31,412.15,Opaline Huddart,31/03/1938,7532581601,927 Algoma Park,2833053614,76343783,2023-02-08,1253.6,N
7440,84746166,Gold,76534206,2023-01-31,806.73,Wainwright Cinnamond,01/12/1961,7105816352,8514 East Drive,6643142997,11882775,2023-02-09,1202.9,N
7461,84969883,Gold,77851802,2023-01-31,672.74,Sissy Escofier,30/08/1993,7803681200,89512 Eastlawn Trail,9341982960,44066457,2023-02-03,1179.0,N
7476,85140734,Basic,88446254,2023-01-31,699.57,Randene Teesdale,30/06/1985,7480366801,255 Gina Junction,829155724,16312979,2023-02-08,2113.3,N
7483,85192761,Gold,96807896,2023-01-31,982.48,Mohandas Terrazzo,24/05/1970,7357309650,19370 Nancy Junction,634577484,37561049,2023-02-05,1922.5,N
7493,85265080,Gold,43664776,2023-01-31,992.6,Michelina Haeslier,20/01/1991,7330908928,38843 Kensington Junction,1391751167,63298193,2023-02-12,1111.4,N
7502,85344981,Basic,32097429,2023-01-31,874.46,Krishnah McColm,03/05/1945,7123765935,65 Lakewood Gardens Terrace,6510708876,84070285,2023-02-12,1128.7,N
7539,85551186,Basic,73947038,2023-01-31,909.25,Stefania Shortall,16/05/1991,7315886787,264 Pearson Hill,9713257863,11306584,2023-02-07,1198.9,N
7555,85723355,Gold,84700550,2023-01-31,745.34,Valle Gebuhr,23/09/1989,7784016153,8 Bunting Parkway,5172123717,19334563,2023-02-14,1773.6,N
7580,85848442,Gold,20955168,2023-01-31,118.46,Ingaborg Bradnocke,24/03/1938,7677453073,146 Waywood Circle,268051321,83659554,2023-02-08,1537.1,N
7591,85874418,Gold,52144670,2023-01-31,151.83,Barr Blazy,18/03/1958,7184540087,97 Dunning Trail,7433054391,44358901,2023-02-08,1805.6,N
7607,85940057,Gold,46366084,2023-01-31,521.37,Luce Hemphrey,11/04/1991,7531937123,55 Ilene Terrace,7092708192,88551691,2023-02-05,1136.4,N
7618,85994636,Gold,41800403,2023-01-31,819.24,Chip Sedcole,06/11/1985,7561752448,1346 Northwestern Junction,8821866106,25522226,2023-02-04,1410.9,N
7640,86108287,Basic,55131193,2023-01-31,523.61,Ilene Castro,23/08/1932,7546415066,25768 Browning Drive,4242985320,81181209,2023-02-10,1210.3,N
7664,86207903,Gold,20865720,2023-01-31,911.44,Leeanne Oddey,30/05/1935,7377002273,6125 Lake View Crossing,9533768649,51771015,2023-02-11,1035.1,N
7667,86218347,Basic,97026896,2023-01-31,481.16,Gerik Ripsher,19/10/1975,7881980183,74304 Kropf Parkway,1841176222,81994568,2023-02-10,1463.6,N
7687,86339581,Gold,24842148,2023-01-31,91.76,Cathie Arnaldi,03/07/1931,7436688971,162 Larry Plaza,4141638013,10437896,2023-02-11,1107.1,N
7752,86870860,Gold,5511073,2023-01-31,987.14,Cathrin Dallas,26/06/1971,7534397126,422 Stang Place,4669799169,17228160,2023-02-02,1556.9,N
7764,86941058,Gold,72060494,2023-01-31,337.99,Hew Le Noury,12/02/1931,7111281452,2 Linden Avenue,7092608562,14397662,2023-02-08,1800.8,N
7886,88160468,Gold,21827357,2023-01-31,640.07,Raff Pakeman,09/03/1997,7596092076,76 Ridge Oak Alley,9849651040,19789505,2023-02-01,1041.9,N
7922,88482062,Gold,30396380,2023-01-31,149.31,Hammad Cronin,28/04/1959,7341322201,286 Holy Cross Circle,5120287735,37796234,2023-02-08,1096.2,N
7975,88926132,Gold,14706162,2023-01-31,275.1,Anissa Tousy,01/02/1980,7298044839,8645 Washington Center,6120688943,75468090,2023-02-13,2264.3,N
7980,88933315,Gold,58527537,2023-01-31,289.79,Dudley Tomek,04/03/1973,7457996003,5957 Scofield Street,5487316627,13117442,2023-02-11,1828.9,N
8039,89632856,Basic,85052483,2023-01-31,557.83,Gordan Paul,29/05/1972,7592938722,882 Schurz Lane,1575348896,77841390,2023-02-08,1908.7,N
8051,89697097,Gold,66904429,2023-01-31,449.71,Chlo Karolczyk,10/12/1975,7396892090,64 Hovde Circle,971308187,64303157,2023-02-08,1737.4,N
8059,89905732,Basic,48984477,2023-01-31,883.38,Noreen Strothers,26/04/1994,7750249364,138 Moland Junction,4984550406,56936624,2023-02-02,1921.4,N
8075,90090889,Gold,2077545,2023-01-31,836.85,Janet Keetley,23/08/1957,7801359750,83695 Pleasure Crossing,6830655218,38969279,2023-02-10,1499.1,N
8138,90951743,Gold,5263889,2023-01-31,220.81,Meghan Axel,04/11/2004,7130575569,50314 Steensland Park,4126942025,35721788,2023-02-04,1548.2,N
8151,91142310,Basic,22859024,2023-01-31,363.08,Pierre Skatcher,19/12/1949,7253371140,745 Crownhardt Street,4013458284,46525458,2023-02-07,1225.0,N
8166,91349198,Gold,29615078,2023-01-31,669.58,Sapphire Garry,27/02/1999,7313061573,51239 Dunning Trail,6907266245,68198696,2023-02-12,1149.0,N
8181,91576212,Basic,66781568,2023-01-31,824.71,Yankee Duffill,12/12/1971,7849849545,8 Anniversary Alley,7930068617,29303323,2023-02-09,1301.5,N
8182,91605034,Basic,3307718,2023-01-31,560.96,Guthrie Denidge,20/01/1970,7398074919,773 South Terrace,180899074,89503991,2023-02-12,1030.7,N
8187,91658755,Basic,54385365,2023-01-31,347.59,Derk McCullough,10/12/2001,7112324244,50 Declaration Plaza,2072542154,98671410,2023-02-03,1016.9,N
8199,91829198,Gold,77799605,2023-01-31,103.19,Kimball Penright,18/06/1988,7229437147,162 Beilfuss Place,4456138882,56843498,2023-02-09,1156.9,N
8242,92145159,Gold,71474832,2023-01-31,61.65,Gunther Fawltey,02/02/2003,7513000809,452 Bartelt Hill,9300429434,11928523,2023-02-12,2208.4,N
8247,92195724,Gold,33346290,2023-01-31,726.92,Robyn Grinin,27/05/1938,7284741090,9 Grasskamp Lane,3058104928,38969279,2023-02-04,1579.8,N
8298,92750088,Gold,65198894,2023-01-31,560.4,Roslyn Macconaghy,18/08/1995,7555458493,60662 Eagan Lane,7810071076,85940057,2023-02-01,1069.7,N
8319,92931020,Gold,15721386,2023-01-31,754.11,Sibylla Dowry,03/08/1975,7700782305,417 Schurz Parkway,2625787309,22374612,2023-02-11,1742.7,N
8341,93192347,Gold,72766172,2023-01-31,298.01,Lori Furlow,27/01/1963,7501164237,5720 Gateway Drive,2654779653,24513968,2023-02-01,1277.2,N
8344,93192347,Gold,72766172,2023-01-31,298.01,Lori Furlow,27/01/1963,7501164237,5720 Gateway Drive,6865729129,25006771,2023-02-12,2147.9,N
8388,93745446,Basic,35237290,2023-01-31,574.89,Janet Comiam,21/08/1964,7458460825,10 Petterle Center,9070015781,94973297,2023-02-10,1275.3,N
8412,94060198,Basic,20944328,2023-01-31,309.9,Scotti Bissiker,29/05/1941,7977050145,283 Grasskamp Hill,3298186899,96401230,2023-02-01,1663.4,N
8434,94208888,Gold,69364893,2023-01-31,97.84,Stephine Paprotny,09/11/1996,7907183989,48728 Maywood Center,4571894759,89369216,2023-02-11,1944.9,N
8488,94677908,Gold,29459094,2023-01-31,343.33,Bonnibelle Filpi,07/05/1969,7949922939,9182 Gale Trail,6692625831,28811285,2023-02-12,1534.6,N
8500,94796578,Gold,1191449,2023-01-31,700.49,Elsie Screwton,24/03/1940,7774236856,33 Miller Way,3442958598,50219545,2023-02-01,1057.7,N
8511,94973297,Basic,27881994,2023-01-31,761.68,Vida Chiverstone,15/04/1998,7775774111,6 Mayer Court,9598995518,53376344,2023-02-14,1365.0,N
8530,95213279,Gold,22633722,2023-01-31,441.59,Karole Pointing,07/03/1977,7911233080,6232 Steensland Way,9825475447,49840526,2023-02-08,2591.7,N
8543,95307629,Gold,71851514,2023-01-31,502.48,Jennee Hoyle,14/12/1997,7534192345,726 Katie Court,1058766783,27108454,2023-02-09,1324.2,N
8552,95390412,Basic,49235988,2023-01-31,553.04,Wren Shedd,27/06/1991,7991608640,26466 Ridgeview Court,963672401,42838186,2023-02-09,1176.8,N
8577,95642341,Gold,71960167,2023-01-31,695.88,Stanley Loddy,19/11/1994,7335737122,45654 Mockingbird Trail,3365854789,41981752,2023-02-10,1375.3,N
8606,95993993,Basic,76019106,2023-01-31,95.41,Elmore Byrne,02/11/2002,7869804011,8 Calypso Way,3925247009,68775529,2023-02-03,1266.7,N
8629,96227490,Gold,88720740,2023-01-31,242.11,Catherina Benson,13/02/1932,7303372399,19 Bunker Hill Alley,6572965856,48081999,2023-02-12,1291.9,N
8633,96278865,Gold,49970097,2023-01-31,930.45,Thornie Cornils,18/08/1934,7547699186,77 Elmside Terrace,7182478331,55986093,2023-02-07,1298.9,N
8646,96401230,Basic,66935248,2023-01-31,21.44,Ursuline Doerrling,24/03/1962,7892880079,45299 Corscot Center,6895088164,45021115,2023-02-11,1813.6,N
8674,96837696,Gold,88786772,2023-01-31,889.9,Wenona McVitty,14/04/1988,7699796362,3 Crest Line Center,2390149693,32386770,2023-02-05,1131.8,N
8734,97487639,Gold,85078305,2023-01-31,403.96,Adora Medeway,31/08/1954,7420518199,42490 Charing Cross Court,9611088159,11463412,2023-02-09,1582.3,N
8746,97541080,Gold,23554979,2023-01-31,677.34,Emanuele Mitcham,04/03/1967,7266880904,8678 Oneill Place,2065900199,39542358,2023-02-11,2361.6,N
8798,97983552,Gold,75056893,2023-01-31,584.92,Hillier Pressdee,08/11/1962,7882084471,1 Pawling Lane,7999582050,97258853,2023-02-06,1912.9,N
8826,98156945,Gold,341757,2023-01-31,449.81,Kakalina Plumtree,11/11/1975,7842561799,6 Dahle Junction,5264143870,92214557,2023-02-07,1567.0,N
8835,98237008,Gold,91129635,2023-01-31,437.26,Cathie Matelyunas,16/01/1985,7609240164,210 Kennedy Center,7942566005,15100785,2023-02-09,1038.5,N
8882,98717357,Basic,89126161,2023-01-31,183.63,Mariana Aburrow,02/12/1955,7188572854,6 Darwin Pass,9074617751,78234498,2023-02-04,1369.6,N
8891,98882225,Basic,41639376,2023-01-31,881.65,Correna Rhymer,23/05/1997,7266417443,64 Portage Court,858330121,11110085,2023-02-05,1712.2,N
8892,98886699,Basic,36883145,2023-01-31,300.31,Hattie Alred,14/11/1975,7877076782,3638 Jenifer Alley,1922898643,67270354,2023-02-10,1124.9,N
8922,99481977,Basic,68720625,2023-01-31,940.06,Betsy Demangeon,02/07/2002,7873645269,2791 Melody Hill,1995126314,21694967,2023-02-07,1808.5,N
8951,99729369,Basic,15559813,2023-01-31,751.01,Kerrill Dunstan,18/02/1952,7605122700,921 Merrick Way,908048920,97294152,2023-02-01,1194.4,N
8954,99729369,Basic,15559813,2023-01-31,751.01,Kerrill Dunstan,18/02/1952,7605122700,921 Merrick Way,5567411537,71383376,2023-02-03,1619.6,N
8955,99734848,Gold,56623581,2023-01-31,354.29,Jana Sibthorp,02/03/1938,7302718672,48 Sutteridge Plaza,4286864758,42726921,2023-02-12,1342.4,N
8957,99760030,Gold,66659633,2023-01-31,988.0,Mata Brownett,16/07/1931,7314541365,5 Kenwood Park,202263606,22035411,2023-02-02,1028.8,N
8962,99791709,Gold,94872412,2023-01-31,15.05,Tabby Matteotti,13/10/1962,7586210387,7517 Aberg Plaza,8811694280,25510430,2023-02-06,1359.0,N
