ID,Joining Date,Account Type,Date of Birth,Ethnicity
100185,5/20/2023,Basic,7/29/1952,Asian
101515,4/14/2023,Gold,8/11/1974,Black
101744,8/29/2023,Basic,1/21/1945,Asian
102704,1/23/2023,Basic,3/9/2000,Black
103488,8/28/2023,Basic,9/26/1957,Other
104185,4/25/2023,Basic,6/8/1989,White
107924,8/2/2023,Gold,9/2/1975,Black
111490,7/2/2023,Basic,3/1/1946,Black
111501,10/12/2023,Gold,5/3/1999,Black
112161,11/13/2023,Platinum,6/27/1967,Asian
112311,5/9/2023,Gold,8/11/1990,Other
112430,7/19/2023,Basic,12/8/1948,White
113596,9/30/2023,Basic,11/19/2005,Black
114484,7/20/2023,Basic,1/19/1987,Black
115026,8/1/2023,Basic,2/26/1993,Asian
115578,7/29/2023,Gold,9/2/1961,Black
115702,3/14/2023,Platinum,2/17/1977,Black
116248,7/2/2023,Basic,2/4/2004,White
119168,12/15/2023,Basic,4/15/2015,Asian
119237,1/15/2023,Platinum,9/18/2012,Other
119971,10/1/2023,Basic,5/21/1963,Asian
120476,6/18/2023,Platinum,5/27/1976,Other
121392,8/15/2023,Gold,4/6/1980,Black
121769,8/13/2023,Gold,12/31/1948,Asian
124463,8/18/2023,Basic,5/12/1943,Other
124765,7/17/2023,Basic,10/15/1965,Black
125311,10/1/2023,Basic,5/1/2008,Black
125458,3/25/2023,Basic,6/23/1960,Other
126580,2/7/2023,Platinum,7/17/1945,Black
127539,8/27/2023,Platinum,10/2/2001,Other
127541,5/15/2023,Gold,7/13/2016,Asian
128016,6/4/2023,Platinum,10/26/1952,Black
128220,2/27/2023,Basic,3/22/1947,Other
128635,12/12/2023,Basic,6/16/2012,Asian
129983,11/7/2023,Basic,4/12/2001,Asian
130206,4/10/2023,Gold,3/19/1972,Asian
130835,12/4/2023,Basic,6/7/1984,White
131132,6/29/2023,Platinum,8/6/1949,White
131879,5/4/2023,Platinum,9/2/1952,Other
132163,3/29/2023,Basic,8/19/2019,White
134047,4/8/2023,Basic,4/6/1959,Black
134738,2/4/2023,Basic,4/21/1992,Asian
135215,12/23/2023,Platinum,2/18/1955,Other
135265,3/28/2023,Platinum,2/9/1940,White
139501,5/17/2023,Basic,1/1/1994,Asian
139746,1/19/2023,Gold,2/27/1948,Black
140062,11/22/2023,Platinum,6/7/2012,Black
140408,12/23/2023,Gold,3/17/1955,Black
141574,2/9/2023,Platinum,12/18/2012,Other
141629,11/4/2023,Basic,3/9/1957,Other
141861,12/10/2023,Gold,6/13/2005,Other
142608,7/21/2023,Gold,8/16/1994,Black
142674,10/27/2023,Basic,9/2/1987,Other
143337,5/17/2023,Gold,6/21/1980,Other
145716,9/5/2023,Gold,3/20/1995,Asian
145928,11/23/2023,Basic,8/16/1941,Other
146884,8/24/2023,Basic,5/19/1961,Black
147410,12/8/2023,Platinum,10/2/2008,White
148755,9/17/2023,Platinum,10/21/1970,White
149442,2/23/2023,Gold,6/10/1952,Other
149481,6/18/2023,Basic,6/26/1959,Asian
150324,8/11/2023,Gold,6/13/2017,White
150648,2/2/2023,Basic,6/4/1950,Black
150853,2/5/2023,Basic,7/9/1991,Other
151356,8/28/2023,Basic,2/11/2013,Asian
152219,9/3/2023,Basic,11/18/1968,Black
155384,9/9/2023,Platinum,7/4/1992,Asian
155713,1/12/2023,Platinum,7/3/2009,White
158058,10/28/2023,Platinum,2/7/1955,Other
158161,7/9/2023,Basic,10/15/2014,White
158323,9/24/2023,Platinum,5/7/1973,White
158712,12/13/2023,Gold,11/27/1948,Black
159526,5/9/2023,Basic,12/22/1986,Asian
159537,9/26/2023,Gold,7/30/2012,Asian
159759,9/29/2023,Gold,4/29/1993,Black
162027,8/8/2023,Gold,3/15/1992,Other
163418,12/28/2023,Platinum,10/24/2017,Other
163670,9/17/2023,Platinum,9/7/1970,White
165263,10/26/2023,Platinum,10/15/1970,Other
166090,4/1/2023,Platinum,2/4/2016,Black
166124,9/8/2023,Gold,5/31/1966,Black
166958,8/27/2023,Platinum,5/2/1947,Black
167376,3/26/2023,Basic,6/25/2004,Black
167545,10/23/2023,Platinum,3/15/1987,White
168221,8/17/2023,Gold,2/26/2003,Other
168605,11/14/2023,Basic,9/26/1983,Black
169924,9/11/2023,Platinum,10/20/1977,White
172511,10/18/2023,Gold,7/11/1945,Other
174699,12/2/2023,Gold,3/13/1989,Asian
174968,1/10/2023,Platinum,9/30/1980,Other
175875,10/10/2023,Gold,11/19/1970,Asian
176024,1/14/2023,Gold,12/26/1999,Other
176117,11/28/2023,Gold,4/19/1966,Asian
177159,1/11/2023,Basic,11/10/1953,White
177977,5/10/2023,Basic,4/2/1957,Asian
178058,3/29/2023,Gold,1/1/1988,Black
181477,4/12/2023,Gold,8/22/1984,Black
182172,10/12/2023,Basic,11/11/1940,Other
182216,6/11/2023,Platinum,2/13/1979,Other
182986,10/23/2023,Basic,1/1/2006,Other
184141,3/22/2023,Basic,3/18/1949,Black
184178,4/9/2023,Basic,10/29/1958,Asian
187833,12/20/2023,Basic,4/8/1992,Other
188081,2/26/2023,Basic,5/29/1969,Other
188536,9/9/2023,Basic,12/25/1946,Other
189309,10/24/2023,Platinum,1/29/1985,Other
189566,4/14/2023,Basic,9/8/1962,Other
189787,1/20/2023,Basic,5/12/1986,Black
189930,5/5/2023,Gold,1/9/1983,White
190312,11/3/2023,Gold,1/21/2014,White
191607,1/9/2023,Gold,3/15/1963,White
192505,4/6/2023,Platinum,10/15/1966,White
192752,7/12/2023,Basic,8/29/1981,Asian
194394,10/16/2023,Gold,6/18/1991,Asian
194739,12/15/2023,Basic,3/29/2002,Other
194837,7/12/2023,Platinum,6/28/1962,Other
199260,5/10/2023,Basic,1/31/1992,Other
200988,2/24/2023,Platinum,10/8/1969,Asian
201146,8/17/2023,Basic,7/1/1976,Black
201221,8/6/2023,Gold,11/10/1941,Black
201696,1/14/2023,Gold,2/5/1996,Asian
202010,6/9/2023,Gold,11/23/1988,Black
202400,8/13/2023,Basic,6/28/1962,White
202437,10/29/2023,Platinum,12/30/1976,Other
202785,6/8/2023,Platinum,9/11/1948,Black
202946,6/18/2023,Gold,9/16/1960,Black
203783,2/24/2023,Platinum,7/10/1975,Black
203942,12/28/2023,Gold,8/27/2016,Asian
206041,10/13/2023,Gold,10/18/2010,White
207622,9/22/2023,Platinum,12/29/1959,White
209144,5/2/2023,Basic,11/22/1948,Black
210727,7/25/2023,Platinum,4/6/1968,White
210741,5/15/2023,Gold,1/8/1985,White
211683,7/2/2023,Basic,9/4/2005,Other
212028,9/8/2023,Basic,2/19/2008,White
212881,7/16/2023,Platinum,3/19/2002,Black
213378,9/15/2023,Basic,7/3/1987,Black
213994,10/29/2023,Gold,4/16/1961,White
214055,6/21/2023,Basic,12/4/1976,Asian
215044,5/9/2023,Basic,9/11/2011,White
217393,7/24/2023,Platinum,10/29/1947,Asian
217539,10/29/2023,Basic,7/3/1954,White
219792,5/12/2023,Gold,4/21/2003,Black
220298,11/12/2023,Gold,7/5/1978,Asian
220423,7/4/2023,Platinum,5/23/1940,Other
221128,6/29/2023,Basic,8/16/1978,Black
221229,3/13/2023,Platinum,2/26/1965,White
221238,11/1/2023,Platinum,12/28/1940,Other
222493,8/2/2023,Platinum,12/6/1941,Asian
222775,9/30/2023,Basic,11/30/1960,White
222860,5/23/2023,Basic,2/11/2012,Black
223660,6/28/2023,Gold,10/20/1986,White
223982,1/4/2023,Gold,8/12/1956,White
224213,11/27/2023,Platinum,1/17/1992,Other
226852,4/14/2023,Platinum,2/24/2017,Black
226854,12/7/2023,Gold,8/3/1988,White
228463,7/19/2023,Gold,11/20/2011,Other
228495,9/8/2023,Basic,4/7/2006,Other
228727,9/6/2023,Platinum,3/29/1964,Other
229517,10/20/2023,Platinum,5/26/1969,Asian
230685,12/21/2023,Platinum,2/17/1961,Other
232108,12/10/2023,Gold,1/24/2009,Asian
232704,9/17/2023,Gold,10/20/1956,Black
234458,6/27/2023,Basic,5/29/2010,White
234964,10/10/2023,Platinum,9/14/1962,Other
235138,11/15/2023,Platinum,4/23/1967,Asian
236432,2/20/2023,Basic,10/13/1957,White
237507,12/2/2023,Basic,4/6/1944,Black
238622,10/20/2023,Gold,10/27/1995,Asian
239484,2/6/2023,Gold,5/1/1999,Other
239922,5/15/2023,Basic,10/31/1989,Asian
239999,8/10/2023,Platinum,9/7/1988,Black
242782,7/3/2023,Platinum,11/4/1942,Other
245830,7/6/2023,Basic,9/2/1972,Asian
246208,1/4/2023,Platinum,9/11/1996,White
247253,2/21/2023,Gold,9/26/1987,Asian
248371,3/1/2023,Gold,12/30/1979,Asian
248692,5/1/2023,Basic,3/10/1949,Black
250381,3/26/2023,Platinum,5/18/1945,Other
251536,10/6/2023,Basic,5/14/1957,Asian
252873,9/17/2023,Basic,2/17/1946,Other
253467,2/5/2023,Basic,7/29/1984,Asian
253699,8/23/2023,Gold,12/31/1954,Other
255005,4/8/2023,Basic,1/4/1941,White
255988,3/24/2023,Basic,6/7/2017,Asian
256154,7/12/2023,Gold,3/30/1957,Asian
256547,8/30/2023,Gold,8/21/2013,Black
258885,3/12/2023,Basic,3/16/1943,Black
259388,10/15/2023,Platinum,8/29/1984,Black
260096,11/20/2023,Basic,1/10/1955,Black
261620,5/7/2023,Gold,7/30/1990,Black
261886,10/13/2023,Basic,5/23/1974,Asian
263796,2/24/2023,Gold,2/10/1952,White
264065,3/30/2023,Platinum,12/8/1975,Other
268478,8/31/2023,Gold,6/14/1952,Black
268700,12/4/2023,Gold,10/5/2008,White
269274,8/28/2023,Platinum,1/8/2000,White
270858,12/21/2023,Basic,8/24/2004,Black
271167,12/15/2023,Platinum,5/23/1944,Asian
271529,11/21/2023,Platinum,7/10/2012,Asian
271596,11/30/2023,Gold,9/10/2000,White
272178,9/28/2023,Gold,3/3/1985,White
273251,8/9/2023,Basic,3/23/1963,Asian
274486,9/11/2023,Gold,4/11/2010,White
276875,1/14/2023,Gold,8/27/1989,Black
279177,11/7/2023,Basic,2/26/1967,White
280225,5/14/2023,Platinum,8/25/1996,Asian
282672,4/9/2023,Platinum,7/20/1991,Black
284005,4/5/2023,Basic,7/2/1992,Asian
285157,4/21/2023,Gold,1/16/2010,Asian
285333,12/8/2023,Gold,3/22/1948,Other
285733,10/16/2023,Gold,5/19/2000,Black
285940,4/2/2023,Platinum,6/3/2017,Black
287144,3/23/2023,Platinum,9/25/1976,White
287391,2/6/2023,Platinum,11/25/1954,Other
287844,4/8/2023,Basic,2/15/1952,Other
290840,2/14/2023,Gold,8/3/2001,Asian
293145,5/29/2023,Gold,8/7/1989,Black
293767,10/7/2023,Platinum,1/16/2018,Asian
293881,10/29/2023,Basic,3/10/1963,Black
296100,3/19/2023,Gold,10/22/1991,Other
296948,5/21/2023,Platinum,12/10/1986,Black
298919,6/3/2023,Platinum,7/17/2008,Asian
300208,5/11/2023,Gold,4/3/2008,White
302454,6/19/2023,Platinum,7/25/2018,Asian
302917,4/24/2023,Gold,5/3/1955,Other
303669,2/18/2023,Basic,1/3/2016,Black
304982,6/25/2023,Platinum,4/8/1979,Other
305736,12/16/2023,Basic,8/15/1978,Asian
305931,2/9/2023,Platinum,10/1/2011,Other
306044,7/28/2023,Platinum,5/13/1993,Asian
306487,1/14/2023,Basic,6/26/1970,Black
306535,7/13/2023,Basic,12/23/1977,Asian
306981,12/7/2023,Basic,1/27/1983,Other
307727,9/20/2023,Basic,1/6/1972,Other
307769,2/16/2023,Gold,7/26/1981,White
311054,11/26/2023,Gold,11/21/1956,Black
311336,6/22/2023,Platinum,11/12/2018,Black
311919,1/4/2023,Gold,6/26/1961,Other
312324,8/28/2023,Gold,8/13/2016,White
312371,3/17/2023,Gold,6/28/2019,Asian
312962,11/1/2023,Gold,7/12/1978,White
313159,2/27/2023,Platinum,9/23/2008,White
314042,1/5/2023,Platinum,12/26/1986,Asian
314233,9/9/2023,Platinum,12/16/2018,Asian
314848,12/14/2023,Gold,11/30/2015,Asian
314876,9/29/2023,Basic,2/13/2013,Asian
314997,6/23/2023,Gold,7/31/2001,Other
315439,2/9/2023,Basic,5/23/1999,White
316468,7/23/2023,Gold,9/22/1963,Asian
316875,3/31/2023,Basic,3/7/1992,Other
319191,5/7/2023,Platinum,12/16/2010,Other
319351,9/1/2023,Gold,8/11/1961,Black
319379,9/15/2023,Gold,5/6/1974,Other
322646,2/27/2023,Basic,2/24/1956,Asian
325644,6/24/2023,Basic,3/20/1995,White
325886,9/14/2023,Gold,5/19/1941,Asian
326497,10/11/2023,Basic,4/24/2013,Black
327751,4/27/2023,Platinum,4/26/1984,Asian
332370,8/21/2023,Basic,10/26/2002,White
333873,8/16/2023,Platinum,8/31/1994,Black
334199,12/5/2023,Gold,5/11/2003,White
335173,11/11/2023,Gold,1/28/1942,White
336329,6/28/2023,Platinum,1/23/1947,White
336949,2/27/2023,Platinum,12/20/1976,White
338686,6/25/2023,Gold,12/17/1979,White
339084,6/27/2023,Platinum,10/6/1963,Asian
339282,9/16/2023,Basic,10/31/1968,Other
339687,4/9/2023,Basic,11/29/1946,White
340036,8/25/2023,Gold,10/16/1952,Other
340059,4/6/2023,Basic,1/24/2004,White
341542,10/3/2023,Gold,12/26/1984,Black
343327,12/5/2023,Gold,6/12/1949,Asian
343987,6/25/2023,Gold,7/31/2010,Other
344685,3/10/2023,Gold,1/6/1990,Asian
344841,7/30/2023,Basic,12/9/2002,White
345349,6/26/2023,Basic,2/22/2013,Black
345518,11/23/2023,Platinum,12/22/1994,Black
346957,10/14/2023,Platinum,12/29/1990,Asian
347274,4/9/2023,Basic,6/17/1993,Black
349244,6/3/2023,Basic,1/18/2007,Asian
349505,1/3/2023,Basic,9/13/1961,White
350315,8/31/2023,Gold,4/11/2014,Black
350952,9/10/2023,Basic,5/14/1997,Black
352431,10/31/2023,Basic,12/2/1970,Asian
352584,5/16/2023,Basic,6/13/2000,Black
353144,12/19/2023,Gold,12/8/2019,Other
354147,12/20/2023,Gold,4/14/2019,Black
356495,9/20/2023,Platinum,2/2/1981,White
366023,5/2/2023,Basic,1/1/1986,Asian
366251,5/22/2023,Gold,8/28/1963,Other
366334,2/5/2023,Platinum,10/15/1996,Other
367467,4/30/2023,Platinum,1/24/2019,Asian
367979,5/18/2023,Basic,9/15/1983,Black
368497,9/28/2023,Basic,7/29/1991,Other
369221,1/18/2023,Platinum,3/4/2019,Black
369873,6/10/2023,Gold,9/8/1972,Black
371271,10/25/2023,Basic,8/28/2001,Other
371550,2/2/2023,Basic,8/20/2004,Black
372488,4/20/2023,Basic,7/13/1974,Other
373223,3/29/2023,Basic,11/12/1985,Asian
374944,8/25/2023,Basic,3/20/1965,Black
375824,2/10/2023,Platinum,7/5/1978,Other
375840,9/17/2023,Gold,3/8/1963,Asian
376499,12/6/2023,Platinum,1/27/1969,Asian
378506,8/26/2023,Basic,7/8/1968,Other
381217,4/28/2023,Basic,8/5/1962,White
381269,11/1/2023,Gold,7/15/1983,Black
382180,9/16/2023,Platinum,12/14/1975,Other
382490,4/28/2023,Gold,11/6/1997,Other
383716,9/27/2023,Platinum,6/22/2000,Asian
385445,4/19/2023,Basic,1/29/1957,Black
385540,9/30/2023,Gold,2/1/1943,White
385704,4/24/2023,Basic,1/1/1987,White
388013,10/27/2023,Gold,7/13/2018,Black
390727,11/4/2023,Basic,10/9/1972,Asian
391064,9/23/2023,Gold,9/7/1959,Other
393185,3/5/2023,Gold,8/11/1967,Black
394262,4/6/2023,Basic,8/29/1961,Other
397269,5/3/2023,Platinum,6/8/2001,Other
397552,6/11/2023,Gold,10/31/1941,Other
398707,8/22/2023,Gold,5/3/2012,Black
399130,2/28/2023,Basic,7/4/1958,Asian
401721,10/8/2023,Platinum,12/15/1955,Other
402150,4/19/2023,Platinum,10/14/1970,Other
402835,8/27/2023,Platinum,5/25/1941,Other
405774,10/5/2023,Gold,8/11/1993,Asian
405909,4/13/2023,Platinum,8/27/1979,Asian
410607,11/3/2023,Gold,3/8/1958,Asian
413196,3/4/2023,Platinum,10/1/1974,White
414182,8/30/2023,Gold,1/24/1973,White
415677,3/11/2023,Basic,3/31/2008,Black
415762,10/20/2023,Basic,11/3/1949,Black
415942,7/22/2023,Basic,9/16/1947,Asian
418614,2/22/2023,Gold,11/17/2013,White
419675,7/27/2023,Gold,6/19/1965,Black
421873,4/13/2023,Gold,5/8/1969,Other
421991,12/17/2023,Gold,9/9/1942,Other
422091,8/20/2023,Gold,3/9/2001,Asian
423343,10/27/2023,Basic,7/25/1947,White
423637,10/30/2023,Basic,1/30/1941,Other
424911,7/16/2023,Platinum,3/21/1947,Asian
425443,8/4/2023,Platinum,7/17/1977,Black
426503,2/26/2023,Platinum,9/3/2009,Other
426552,5/24/2023,Gold,9/13/1995,White
427577,1/10/2023,Basic,1/6/1971,Asian
428393,7/14/2023,Basic,5/12/2008,Black
428406,9/2/2023,Basic,8/8/1972,Asian
428431,12/9/2023,Basic,4/27/1993,Other
429112,2/8/2023,Basic,11/20/1993,Black
429752,3/2/2023,Platinum,11/15/1945,Asian
430823,2/27/2023,Gold,11/22/1986,White
430898,6/11/2023,Basic,5/4/1947,Other
431328,4/27/2023,Platinum,5/30/1970,Black
431391,2/2/2023,Basic,4/25/1980,Other
433632,5/1/2023,Platinum,9/27/1992,White
435013,10/18/2023,Basic,9/1/1998,Black
435115,8/26/2023,Basic,2/7/2012,Other
435231,2/11/2023,Gold,1/2/2012,Black
436308,6/24/2023,Basic,10/3/1959,White
436544,2/11/2023,Basic,4/10/2013,Black
439709,10/5/2023,Basic,8/21/2009,Other
440691,2/16/2023,Basic,7/2/2013,White
441581,12/1/2023,Gold,7/6/2018,White
442375,9/16/2023,Platinum,6/15/1985,White
442783,5/15/2023,Gold,12/18/2007,Asian
444025,5/28/2023,Platinum,4/8/1997,Black
445531,3/25/2023,Gold,11/1/1963,Black
445532,9/13/2023,Basic,10/8/1972,Black
446540,3/28/2023,Basic,7/22/1950,Other
448076,2/20/2023,Platinum,10/7/1995,White
450210,11/24/2023,Basic,8/24/2018,Other
451214,4/4/2023,Platinum,4/13/1992,White
451570,9/4/2023,Gold,4/21/1974,Other
451936,6/10/2023,Basic,10/22/1958,Asian
458285,3/27/2023,Basic,12/20/2018,Other
458440,6/4/2023,Gold,7/21/1989,White
458824,4/19/2023,Basic,8/3/1967,Asian
459470,5/10/2023,Platinum,9/13/1987,Black
459563,6/6/2023,Gold,3/15/1963,Black
460383,6/29/2023,Basic,8/16/1994,Black
460507,4/28/2023,Platinum,10/28/1945,White
461508,12/2/2023,Gold,7/12/1996,Other
465564,8/26/2023,Platinum,8/12/2015,Asian
465769,7/14/2023,Platinum,2/10/1979,White
466462,6/19/2023,Platinum,5/8/1942,Black
466664,7/16/2023,Basic,5/14/1981,Asian
466954,6/17/2023,Basic,3/5/1955,Black
467340,6/19/2023,Platinum,9/4/1984,White
467374,4/24/2023,Gold,1/3/2006,Black
467421,6/2/2023,Basic,4/12/1975,Asian
467914,1/25/2023,Gold,2/25/1990,Asian
471152,12/15/2023,Platinum,9/29/1990,Asian
471554,1/2/2023,Basic,4/22/1990,White
472221,8/17/2023,Platinum,10/12/1994,White
472457,1/19/2023,Gold,1/30/1991,Black
473692,2/20/2023,Basic,3/23/2012,White
478020,2/27/2023,Gold,5/16/1987,Black
478687,4/5/2023,Platinum,5/13/1999,White
478868,8/15/2023,Gold,10/27/1958,Other
480246,12/8/2023,Platinum,4/13/1982,Asian
481921,7/19/2023,Gold,5/5/1970,Asian
483606,1/14/2023,Platinum,7/3/1941,Other
484119,4/8/2023,Gold,9/30/1974,Other
485343,8/14/2023,Gold,6/21/1945,Other
485637,10/9/2023,Basic,10/20/2001,White
487923,3/22/2023,Platinum,6/28/1990,White
488622,8/31/2023,Gold,2/19/1945,Black
488809,8/23/2023,Platinum,7/24/2004,Black
488942,5/3/2023,Basic,12/2/1958,Other
489429,7/1/2023,Platinum,11/16/2007,Black
489883,7/26/2023,Basic,11/21/1972,Asian
490418,5/2/2023,Basic,9/29/1950,White
490910,1/3/2023,Basic,5/23/1981,White
491387,10/28/2023,Platinum,11/4/2001,Asian
491519,1/10/2023,Gold,4/4/1955,Asian
492316,6/13/2023,Platinum,5/28/1964,Other
494788,11/11/2023,Gold,5/5/1968,Black
494925,10/17/2023,Platinum,11/29/1957,Asian
494955,7/17/2023,Platinum,7/2/1985,Other
496679,6/8/2023,Basic,10/19/1951,Black
497082,5/8/2023,Platinum,1/3/1969,Other
497542,8/22/2023,Gold,5/19/2005,White
497693,9/19/2023,Platinum,3/14/1970,Other
499108,4/11/2023,Platinum,11/21/1949,White
499227,8/3/2023,Gold,9/12/1978,Other
499282,3/18/2023,Platinum,6/14/2019,Other
500741,3/23/2023,Basic,12/26/1955,Other
500890,5/12/2023,Basic,10/15/1958,White
501352,12/22/2023,Basic,6/29/1971,Black
503279,10/17/2023,Gold,4/13/1967,White
503844,6/25/2023,Basic,10/2/1981,Asian
504043,11/5/2023,Basic,4/1/1986,Asian
506007,3/23/2023,Basic,12/1/1979,Asian
506688,4/29/2023,Gold,9/29/2015,Asian
507932,10/29/2023,Platinum,8/15/2005,Asian
509391,5/27/2023,Platinum,11/6/1947,Other
510071,6/13/2023,Platinum,10/10/1992,Other
511264,10/27/2023,Platinum,7/7/1957,Other
511565,12/7/2023,Platinum,3/17/1995,Black
512023,11/16/2023,Gold,4/5/1957,Black
512194,3/13/2023,Gold,4/9/1985,White
512357,9/25/2023,Basic,11/19/2009,White
512509,5/22/2023,Gold,4/16/1991,White
513032,3/26/2023,Basic,1/12/1973,White
514214,5/9/2023,Platinum,7/9/1941,Other
514489,7/10/2023,Basic,5/3/2005,Black
514598,12/28/2023,Platinum,10/10/1971,Other
514864,4/24/2023,Platinum,2/19/1965,Other
516450,7/17/2023,Gold,1/12/1986,Black
520059,5/2/2023,Gold,1/26/1942,Asian
521080,12/27/2023,Platinum,4/26/1999,Black
522270,5/1/2023,Basic,11/21/1940,Black
523380,2/21/2023,Platinum,12/23/1994,Asian
525493,5/21/2023,Platinum,3/28/1976,Other
527503,8/15/2023,Gold,1/8/1967,White
527712,1/2/2023,Platinum,9/27/1996,White
527900,3/20/2023,Gold,10/11/1952,Black
528074,9/13/2023,Gold,5/26/2013,Other
528281,2/22/2023,Basic,12/22/2009,Black
528483,4/26/2023,Platinum,5/3/2010,Black
528606,3/13/2023,Basic,12/3/2014,Other
530288,4/4/2023,Platinum,8/24/1966,Black
531040,11/3/2023,Gold,7/17/1978,White
533119,2/17/2023,Platinum,1/25/1960,White
534142,8/26/2023,Gold,11/9/1954,Black
534626,9/5/2023,Platinum,6/25/1944,White
535172,2/18/2023,Basic,12/23/1964,Asian
535509,3/10/2023,Platinum,9/11/2019,Other
536823,12/11/2023,Gold,6/17/1985,Black
537959,12/12/2023,Gold,10/23/2017,Black
539530,6/20/2023,Basic,3/2/1983,Other
540772,10/1/2023,Gold,5/15/1957,Black
541236,9/12/2023,Gold,4/13/1964,White
543527,10/12/2023,Gold,2/23/2013,Other
543545,1/8/2023,Basic,8/30/1986,Asian
543731,7/25/2023,Gold,5/18/1989,Asian
546446,9/23/2023,Basic,3/31/1973,White
546645,5/24/2023,Gold,9/6/1971,Asian
547679,1/11/2023,Basic,2/7/1949,White
548577,1/23/2023,Basic,5/9/1962,White
548663,12/4/2023,Basic,5/31/1949,Asian
548861,3/24/2023,Platinum,5/3/1962,Other
549243,5/1/2023,Gold,6/7/1947,Black
549280,6/30/2023,Platinum,12/3/1971,Black
549509,4/2/2023,Gold,4/13/1970,White
549892,8/30/2023,Gold,7/5/1959,Asian
551306,10/3/2023,Gold,2/6/2008,White
552566,4/28/2023,Gold,2/4/1950,White
553320,4/13/2023,Gold,3/19/1952,Asian
554004,1/27/2023,Gold,7/20/1997,Asian
554998,12/16/2023,Platinum,11/6/1997,Black
557275,8/9/2023,Platinum,9/9/1999,Other
559179,10/22/2023,Basic,2/18/1979,Other
560261,12/15/2023,Platinum,3/4/1949,Black
560440,6/24/2023,Basic,5/30/1979,Asian
560790,6/1/2023,Basic,5/25/2006,Other
561709,6/30/2023,Basic,11/23/1959,Asian
562722,10/25/2023,Platinum,8/9/2007,Asian
563716,7/11/2023,Platinum,2/3/1989,Asian
564633,6/20/2023,Gold,6/1/2011,Black
567696,9/9/2023,Gold,9/17/1943,Black
568991,1/16/2023,Gold,4/27/1979,White
569494,9/1/2023,Gold,8/30/1976,Black
569694,5/24/2023,Platinum,11/7/2018,Black
569706,3/18/2023,Gold,5/16/2014,Asian
569923,12/4/2023,Gold,12/30/1975,Other
569939,6/15/2023,Gold,12/11/2015,Black
571041,6/7/2023,Basic,4/16/1947,Other
571428,3/8/2023,Platinum,6/23/1965,Black
572462,7/29/2023,Platinum,5/29/1965,Black
575378,11/24/2023,Platinum,4/7/1974,White
577581,10/22/2023,Platinum,6/22/1960,White
580145,1/13/2023,Basic,11/14/2015,Asian
582245,2/20/2023,Platinum,2/17/2012,Other
582577,3/11/2023,Gold,1/24/1999,Black
583851,2/16/2023,Gold,2/26/2006,Other
586258,5/30/2023,Platinum,12/12/2018,Black
587714,12/1/2023,Gold,10/2/1952,White
588390,3/16/2023,Basic,3/22/1950,Black
589251,4/3/2023,Platinum,6/1/1943,White
589567,6/17/2023,Platinum,5/10/1961,Black
591154,1/23/2023,Basic,12/1/2002,Black
591539,7/26/2023,Basic,11/7/1986,White
592566,12/30/2023,Basic,5/8/1989,Asian
593067,8/20/2023,Gold,10/1/2019,Black
593905,10/27/2023,Basic,12/5/1961,Black
593940,7/16/2023,Gold,3/18/1981,Black
594256,12/25/2023,Gold,3/6/1989,Other
594866,4/7/2023,Gold,8/19/2004,White
595254,11/6/2023,Platinum,5/6/1942,Other
595739,4/9/2023,Platinum,6/18/1997,White
596558,1/17/2023,Gold,3/22/1951,Black
596604,1/17/2023,Gold,4/29/2000,Asian
597131,5/24/2023,Gold,5/17/1954,White
597729,7/8/2023,Basic,2/7/1958,Other
598787,2/1/2023,Basic,9/11/1962,Other
598899,9/19/2023,Basic,1/10/1999,Black
601428,6/29/2023,Platinum,12/23/1980,White
601677,11/5/2023,Basic,1/9/1964,Other
602470,12/22/2023,Gold,7/12/2018,Black
602662,1/9/2023,Basic,3/7/1958,Other
603071,6/25/2023,Basic,5/7/1969,Other
604078,8/2/2023,Basic,9/18/1997,Asian
604416,4/24/2023,Gold,6/29/2004,Other
604893,1/4/2023,Platinum,11/10/1959,White
606785,3/16/2023,Basic,8/11/1968,White
606864,2/8/2023,Platinum,10/5/1945,Other
607350,12/22/2023,Gold,5/12/1972,Other
609432,4/13/2023,Platinum,5/28/2009,Other
610159,5/9/2023,Gold,12/5/2005,Black
610368,8/22/2023,Basic,7/15/1965,Other
610633,6/8/2023,Gold,7/13/1993,Black
611755,9/28/2023,Platinum,2/11/1949,Other
611859,1/18/2023,Platinum,12/2/1977,Other
612794,1/29/2023,Basic,11/12/1981,Asian
614858,4/10/2023,Basic,3/24/1977,Other
615502,9/12/2023,Basic,10/1/1973,Asian
618265,3/3/2023,Basic,5/31/1945,Black
618456,8/6/2023,Basic,3/13/2009,Asian
618817,12/30/2023,Gold,12/22/1950,Asian
619806,7/17/2023,Platinum,2/11/1974,Asian
620952,8/30/2023,Platinum,9/5/1979,White
621479,3/22/2023,Basic,1/12/1968,White
621556,6/18/2023,Basic,12/12/2010,White
624601,2/18/2023,Gold,4/20/1991,Other
625189,10/24/2023,Gold,7/19/1985,Other
625210,9/30/2023,Gold,12/23/1995,Other
626975,1/27/2023,Basic,10/4/1948,Black
627428,2/1/2023,Platinum,11/5/2018,White
628443,4/29/2023,Platinum,6/22/1970,Other
628497,6/21/2023,Platinum,10/26/2005,Asian
630270,8/23/2023,Platinum,1/26/1964,Other
631634,5/29/2023,Basic,1/1/1940,Asian
633141,5/30/2023,Basic,5/20/1943,White
633342,2/8/2023,Basic,3/25/1972,Asian
636423,5/20/2023,Platinum,7/4/1983,Asian
637023,4/3/2023,Platinum,11/23/1953,Black
637483,5/31/2023,Basic,8/21/2009,White
637797,6/1/2023,Platinum,9/11/1956,Asian
638662,4/5/2023,Basic,3/4/2008,Black
638704,3/21/2023,Gold,4/6/1946,Other
639158,10/28/2023,Platinum,9/29/1989,White
639573,2/3/2023,Gold,10/7/1943,Other
642548,8/8/2023,Gold,6/1/2017,Black
644707,10/3/2023,Platinum,7/5/1995,White
645286,2/15/2023,Basic,5/7/2006,Other
647719,8/1/2023,Gold,7/20/2000,Black
649104,12/17/2023,Platinum,3/5/1946,Other
649840,6/11/2023,Basic,2/28/1947,Asian
650842,3/28/2023,Gold,6/6/1953,Other
652834,9/10/2023,Gold,11/19/1982,Black
654273,6/16/2023,Gold,10/10/1942,Black
654694,4/30/2023,Platinum,8/13/1985,Other
656037,7/11/2023,Platinum,8/17/1961,White
656164,4/2/2023,Basic,7/22/1956,Asian
656301,7/7/2023,Gold,1/31/1994,Asian
656794,4/10/2023,Basic,10/21/1951,Other
657908,12/19/2023,Platinum,8/21/1973,Asian
659716,5/27/2023,Platinum,11/9/2008,Black
660049,8/2/2023,Basic,11/21/1984,Asian
660162,9/16/2023,Platinum,12/2/2001,White
661243,9/17/2023,Gold,11/17/2011,Other
662004,9/3/2023,Platinum,4/3/2014,Black
662171,5/5/2023,Platinum,10/22/1943,Black
662810,2/25/2023,Gold,12/11/1994,Asian
663205,12/8/2023,Platinum,3/30/1981,Black
663516,4/25/2023,Gold,11/7/1996,Other
664103,3/23/2023,Gold,6/29/2014,Black
664634,2/6/2023,Basic,3/5/1952,Black
664737,11/19/2023,Gold,7/7/2000,Black
664810,3/10/2023,Gold,7/2/1947,Black
667164,3/31/2023,Gold,3/29/1977,Other
667559,2/14/2023,Basic,5/16/1985,Other
667852,6/27/2023,Basic,3/28/1947,Black
669150,12/27/2023,Platinum,10/27/1963,Black
669652,11/28/2023,Platinum,5/28/2009,Other
669663,4/20/2023,Gold,6/2/1994,White
673020,10/4/2023,Platinum,11/30/1979,Other
673141,1/19/2023,Gold,12/30/1955,White
673358,1/12/2023,Platinum,1/14/2014,Other
673773,8/26/2023,Gold,9/22/1951,White
674869,1/13/2023,Platinum,6/6/1991,Asian
675627,4/18/2023,Gold,8/17/1968,Other
675810,3/12/2023,Gold,12/12/1968,Other
676797,3/3/2023,Gold,11/3/1986,Asian
677472,10/16/2023,Gold,1/18/1996,Black
679893,12/28/2023,Basic,7/2/1951,Asian
681753,7/7/2023,Basic,9/1/2019,Black
682556,10/7/2023,Gold,9/30/1966,Black
682562,5/25/2023,Basic,4/16/1984,Black
683051,1/13/2023,Basic,7/8/1957,Black
683299,6/5/2023,Basic,9/12/2000,Asian
687384,6/15/2023,Basic,4/2/1963,Asian
687501,4/6/2023,Platinum,8/21/1976,Black
689247,11/4/2023,Gold,11/16/1985,Black
691378,1/27/2023,Basic,12/7/1979,Other
691430,10/11/2023,Platinum,4/25/1988,Black
692114,8/22/2023,Platinum,9/10/1973,Asian
693419,10/26/2023,Gold,2/27/1950,Black
694902,11/21/2023,Basic,3/30/2001,Asian
694973,12/21/2023,Platinum,10/24/2017,Other
695485,2/12/2023,Gold,11/26/1954,White
697757,8/30/2023,Gold,2/3/1989,Other
697830,11/21/2023,Gold,11/14/1948,White
698182,2/20/2023,Gold,12/28/1960,Asian
698434,3/11/2023,Basic,12/23/1946,Black
698848,8/28/2023,Platinum,5/8/1970,White
699074,8/4/2023,Basic,8/13/1972,Other
700604,6/30/2023,Gold,8/24/1969,White
700950,3/10/2023,Basic,6/18/1940,Black
701002,9/25/2023,Gold,3/2/1989,White
701108,11/21/2023,Basic,10/29/1975,White
701255,4/15/2023,Gold,3/22/1973,White
701314,10/24/2023,Platinum,3/27/1981,White
701647,10/22/2023,Platinum,4/27/1954,Other
703312,7/25/2023,Gold,12/18/2012,Other
703596,10/26/2023,Platinum,6/6/1948,White
704040,12/6/2023,Basic,8/1/1993,Asian
704346,7/13/2023,Gold,11/4/1978,Other
704688,12/28/2023,Basic,1/2/2017,Other
706102,4/15/2023,Platinum,6/19/1958,White
708191,4/12/2023,Basic,6/30/1974,White
711747,1/30/2023,Gold,9/28/1940,White
712911,2/18/2023,Gold,6/5/1943,Other
713378,11/13/2023,Basic,9/28/1977,Black
713519,6/4/2023,Gold,2/25/1964,White
714000,12/28/2023,Platinum,11/8/1999,White
714124,3/7/2023,Platinum,12/24/1986,Other
714800,1/26/2023,Basic,6/25/1974,Asian
716137,8/15/2023,Basic,1/6/1987,Other
716354,1/10/2023,Gold,12/18/1997,Black
716900,12/18/2023,Gold,9/30/2003,Asian
717206,6/21/2023,Platinum,6/19/1963,Black
717582,8/10/2023,Basic,8/5/1950,Other
719232,9/17/2023,Platinum,3/6/1983,White
720200,9/21/2023,Basic,12/24/1996,Other
720946,11/26/2023,Basic,6/7/1984,White
720947,8/19/2023,Basic,11/17/1997,Other
721246,12/13/2023,Gold,6/24/2002,Asian
721471,1/31/2023,Platinum,8/17/1985,Other
722586,12/16/2023,Gold,5/15/1942,White
723823,5/31/2023,Basic,5/17/2005,White
725107,12/13/2023,Gold,5/7/1991,Black
725200,6/23/2023,Basic,3/26/1952,Asian
725355,3/19/2023,Gold,9/22/1975,Asian
725517,9/9/2023,Basic,11/29/1943,White
727292,4/11/2023,Gold,1/13/1984,Black
729571,6/26/2023,Platinum,8/1/2004,Black
730864,5/24/2023,Gold,4/26/2015,Other
731003,1/13/2023,Platinum,9/16/1941,White
731015,6/10/2023,Basic,12/2/1955,Other
731240,4/4/2023,Gold,5/8/1951,Other
731691,3/16/2023,Platinum,7/29/1951,Black
732882,8/18/2023,Platinum,6/15/1950,White
733667,1/20/2023,Platinum,11/15/1944,Black
734567,9/6/2023,Basic,1/22/1976,Black
737345,2/14/2023,Gold,1/27/1971,Other
738405,5/2/2023,Basic,10/12/1952,Asian
739156,7/27/2023,Platinum,10/20/1976,White
740085,9/11/2023,Platinum,10/8/2002,Other
742071,1/19/2023,Platinum,9/22/1968,White
742364,2/2/2023,Gold,9/9/1978,Black
742714,5/5/2023,Gold,4/4/1968,Black
743567,9/12/2023,Platinum,9/19/1971,Other
745654,12/8/2023,Gold,11/25/1996,Other
747682,5/21/2023,Platinum,12/4/1985,Black
747974,2/10/2023,Gold,8/14/1966,Asian
748205,2/5/2023,Gold,6/19/2002,Asian
748215,4/25/2023,Gold,5/1/2013,Black
748491,11/20/2023,Platinum,12/7/1957,Asian
751067,7/20/2023,Platinum,9/6/2000,Black
751597,7/14/2023,Basic,12/25/1966,White
753388,11/6/2023,Platinum,5/16/1952,Asian
753670,11/14/2023,Basic,12/4/1991,Black
754172,7/24/2023,Basic,7/21/2011,White
754452,10/4/2023,Basic,11/13/1955,Other
754791,1/3/2023,Basic,7/17/1952,Other
755120,1/12/2023,Platinum,7/6/1984,Other
755287,3/24/2023,Platinum,8/27/1997,Black
755822,11/19/2023,Gold,7/4/1942,Black
759212,7/29/2023,Platinum,10/6/2017,White
759289,10/30/2023,Platinum,8/9/1965,Asian
759970,12/8/2023,Gold,8/22/1969,White
760048,7/17/2023,Basic,4/17/2011,Black
761244,1/2/2023,Platinum,12/26/1942,White
761978,11/17/2023,Gold,11/4/1991,Asian
762315,10/22/2023,Gold,1/26/1940,White
762476,3/23/2023,Basic,6/3/1956,Other
762634,10/19/2023,Platinum,1/14/1980,White
765708,12/21/2023,Basic,6/27/1982,Black
765987,12/22/2023,Platinum,6/25/1989,Black
766091,7/3/2023,Basic,10/24/2013,White
768053,6/14/2023,Gold,1/17/1998,White
769158,10/12/2023,Basic,3/9/1996,Asian
771144,4/8/2023,Basic,10/21/1962,Asian
771442,2/22/2023,Basic,5/7/1974,White
772826,1/28/2023,Basic,8/29/1978,White
773841,5/19/2023,Platinum,3/18/1990,Other
774922,11/19/2023,Gold,8/14/2011,Black
775261,5/3/2023,Gold,2/23/1952,White
777515,1/31/2023,Basic,4/3/1989,White
778767,5/12/2023,Basic,6/5/1991,White
779147,12/27/2023,Basic,7/28/1989,Other
779629,4/13/2023,Platinum,6/30/1993,White
783242,7/18/2023,Basic,2/12/1952,Other
784400,11/26/2023,Gold,12/10/2002,Asian
784685,1/29/2023,Platinum,6/17/1968,White
785116,1/24/2023,Gold,11/25/1957,White
785851,11/8/2023,Basic,6/12/1981,Other
785906,6/22/2023,Basic,6/20/1967,Asian
786474,8/19/2023,Gold,4/5/1992,Other
788351,7/14/2023,Platinum,5/7/1985,White
790504,10/4/2023,Platinum,6/13/1955,White
791553,6/28/2023,Gold,9/24/1982,White
791769,11/4/2023,Gold,11/2/1968,Black
791978,3/28/2023,Basic,10/18/1985,White
792923,7/25/2023,Basic,10/16/1958,White
793000,2/12/2023,Basic,4/29/1951,Asian
793732,8/28/2023,Platinum,5/19/1986,Asian
796180,9/16/2023,Basic,3/10/1944,Other
797127,4/19/2023,Platinum,6/26/1987,Black
798734,7/20/2023,Gold,11/5/1957,Black
800314,5/12/2023,Basic,7/20/1963,Other
801185,9/29/2023,Basic,3/17/1975,Other
801200,5/15/2023,Platinum,1/25/1979,Black
801415,12/2/2023,Gold,7/7/2010,Asian
801438,1/31/2023,Basic,6/20/1950,Asian
802490,10/27/2023,Basic,5/13/1970,Other
803346,10/8/2023,Gold,9/17/2015,Other
804299,10/6/2023,Gold,11/4/1957,Other
804513,2/25/2023,Gold,5/12/1974,Asian
805034,3/19/2023,Platinum,1/10/1968,Asian
805246,4/16/2023,Gold,7/20/1971,Asian
806648,1/29/2023,Platinum,8/20/1986,Other
806735,1/11/2023,Platinum,4/15/1945,Asian
806747,1/5/2023,Basic,5/31/2007,Other
806804,1/28/2023,Basic,10/5/1948,Other
808528,11/26/2023,Gold,4/5/1992,White
808972,9/5/2023,Platinum,2/19/2006,Other
809513,1/6/2023,Basic,1/1/1951,Black
809555,6/26/2023,Basic,5/7/1952,Other
813344,1/20/2023,Gold,11/4/1966,White
813986,8/20/2023,Gold,5/2/1979,Other
814161,7/3/2023,Gold,12/2/1999,Black
814220,6/9/2023,Basic,4/21/1942,Other
817709,9/12/2023,Platinum,11/3/1988,Other
818135,4/3/2023,Gold,4/11/1954,Asian
822881,7/17/2023,Gold,3/26/2012,Other
823045,7/12/2023,Basic,1/23/1990,Black
824009,4/27/2023,Platinum,3/27/1989,Black
824746,11/23/2023,Platinum,11/29/1984,Black
825555,10/29/2023,Platinum,11/10/2019,Asian
825747,8/4/2023,Basic,10/7/1958,Black
826580,9/28/2023,Gold,9/6/1975,Black
827538,9/2/2023,Gold,12/21/1982,White
828504,2/10/2023,Basic,9/21/2013,Other
828717,5/4/2023,Basic,10/8/1978,White
829132,11/20/2023,Gold,5/19/1991,Other
829199,1/5/2023,Basic,1/25/1978,Other
829567,12/19/2023,Gold,5/17/2019,Asian
829902,2/11/2023,Platinum,4/14/1968,Other
830235,3/14/2023,Gold,8/15/1947,Black
830903,6/7/2023,Gold,3/3/1994,Other
832052,3/12/2023,Basic,8/21/1981,Black
832494,10/16/2023,Gold,6/23/1964,White
835234,3/13/2023,Basic,6/4/1948,Other
838073,3/26/2023,Basic,9/14/2011,Asian
838883,5/29/2023,Basic,12/10/1980,White
838906,11/26/2023,Gold,6/1/1976,White
840464,1/6/2023,Gold,7/18/1968,Asian
842913,3/29/2023,Gold,4/22/1945,Other
843274,5/22/2023,Basic,8/11/1941,Other
844387,2/2/2023,Basic,1/17/1950,Asian
845293,1/2/2023,Platinum,5/28/1946,Black
845839,3/17/2023,Platinum,5/29/1979,Black
847929,6/16/2023,Basic,10/14/1951,Asian
848472,10/18/2023,Gold,10/20/2009,Other
848661,10/8/2023,Platinum,12/2/1957,Black
848904,11/14/2023,Basic,1/6/1962,White
849187,7/8/2023,Platinum,10/27/1951,Other
850145,8/23/2023,Gold,4/4/2019,Other
850402,1/23/2023,Gold,9/17/1991,Other
850734,12/19/2023,Platinum,2/20/1968,White
850891,6/11/2023,Basic,4/14/1941,Black
851016,10/18/2023,Platinum,1/18/2010,White
853101,12/8/2023,Basic,4/13/1984,Other
853490,8/21/2023,Basic,8/18/2011,Black
854139,7/19/2023,Platinum,7/12/1978,Other
855858,12/15/2023,Platinum,11/20/1959,White
856901,4/2/2023,Basic,10/21/1941,Other
858465,12/25/2023,Basic,7/2/1957,Black
858519,7/1/2023,Gold,1/27/2000,White
859391,3/15/2023,Platinum,4/11/1999,Black
861502,9/24/2023,Basic,5/7/1981,Other
861565,9/30/2023,Basic,5/19/1996,Black
862571,2/7/2023,Gold,3/10/1962,Black
863243,1/1/2023,Platinum,12/30/2007,Other
863998,2/24/2023,Platinum,11/23/2006,Asian
864964,12/16/2023,Platinum,1/8/1973,Black
865336,6/15/2023,Gold,11/27/1969,Other
866947,2/2/2023,Gold,4/11/1949,Other
867196,4/8/2023,Basic,6/18/1953,Other
867729,2/3/2023,Basic,4/24/1957,Black
868193,12/14/2023,Basic,9/11/1948,White
868733,6/22/2023,Basic,2/17/1967,Asian
871141,4/16/2023,Basic,2/24/1944,Other
871764,1/2/2023,Gold,10/29/1967,White
873760,4/26/2023,Gold,12/31/1980,White
874417,11/9/2023,Platinum,8/12/1985,Other
875629,5/20/2023,Basic,6/4/1950,Other
878212,12/22/2023,Basic,3/1/1957,White
878212,12/8/2023,Basic,3/1/1957,White
878515,5/7/2023,Gold,7/21/1989,Other
879093,11/6/2023,Gold,9/21/1968,Black
879426,7/31/2023,Gold,9/28/1996,Other
881176,4/25/2023,Basic,1/18/1979,Other
881325,6/21/2023,Basic,7/11/1981,Other
881809,8/10/2023,Basic,10/29/1961,White
883835,8/18/2023,Gold,11/18/1987,Asian
884641,2/12/2023,Basic,2/20/1970,Other
884949,5/31/2023,Gold,12/3/1943,Asian
888481,1/11/2023,Basic,10/14/2017,Other
888532,1/17/2023,Gold,1/11/2013,White
889441,9/2/2023,Basic,9/23/2000,Asian
889600,10/7/2023,Gold,6/2/1946,Asian
890043,2/8/2023,Basic,5/24/2010,White
890532,6/16/2023,Gold,4/15/1988,White
890720,7/7/2023,Gold,9/20/1967,White
892110,9/27/2023,Gold,5/27/1955,Asian
892338,11/5/2023,Platinum,6/3/1961,White
893948,1/1/2023,Gold,9/1/2013,White
894124,8/18/2023,Gold,10/20/1981,Asian
894920,3/25/2023,Platinum,12/3/1979,White
895152,3/28/2023,Basic,8/4/1941,Asian
896280,8/6/2023,Basic,9/24/1996,Other
897163,10/11/2023,Platinum,10/5/1986,Other
897320,10/31/2023,Basic,4/13/1978,White
898177,2/28/2023,Platinum,10/13/1975,Asian
899966,1/5/2023,Gold,2/13/2015,White
900289,6/16/2023,Basic,1/29/1987,Other
900582,8/29/2023,Gold,12/9/1963,Asian
900910,2/27/2023,Gold,9/21/1967,White
900970,10/7/2023,Basic,2/27/1985,Asian
901811,9/18/2023,Basic,8/28/1968,White
905817,2/17/2023,Gold,4/24/1969,Other
906366,12/14/2023,Gold,5/15/2015,Asian
906500,12/14/2023,Platinum,5/31/2007,Other
907496,6/9/2023,Platinum,12/22/2002,Asian
908478,4/25/2023,Gold,10/5/1941,Asian
909727,9/26/2023,Gold,1/20/2011,Asian
911428,8/27/2023,Gold,5/4/2005,Black
911471,4/5/2023,Basic,1/11/2007,White
913984,2/15/2023,Platinum,9/6/2008,White
914893,7/18/2023,Basic,1/3/1969,White
915339,4/28/2023,Gold,5/7/1997,White
917106,10/31/2023,Platinum,10/16/1942,Asian
918029,10/28/2023,Gold,11/21/1969,Black
918799,6/4/2023,Gold,10/22/2010,White
918911,11/4/2023,Gold,3/5/1954,Black
919470,4/27/2023,Basic,10/9/1949,Other
919938,10/31/2023,Gold,12/6/1995,White
920547,10/29/2023,Basic,12/28/1943,Asian
920752,1/4/2023,Gold,9/1/1990,White
921939,9/29/2023,Gold,2/5/1963,Other
922365,4/13/2023,Basic,8/11/2011,Asian
923843,12/24/2023,Gold,12/11/2015,White
924472,3/24/2023,Basic,6/14/1972,White
925655,6/26/2023,Gold,12/26/2017,Asian
926550,12/6/2023,Basic,10/31/1942,Asian
929308,1/5/2023,Basic,10/19/2004,Other
930802,5/14/2023,Gold,2/18/2018,Asian
931023,9/7/2023,Platinum,3/5/1985,Black
931463,12/22/2023,Platinum,8/30/1978,Other
932133,3/25/2023,Basic,9/22/1944,Black
932627,12/12/2023,Platinum,12/1/1953,Other
933040,1/16/2023,Gold,12/12/1991,Asian
933326,10/5/2023,Gold,10/6/2010,Other
934663,4/27/2023,Basic,1/29/1969,Black
935038,8/28/2023,Platinum,1/24/2007,Black
937520,10/30/2023,Gold,2/8/1964,Other
938419,8/17/2023,Basic,10/4/2003,White
938610,2/14/2023,Platinum,11/18/2006,Other
939708,9/30/2023,Basic,4/1/1971,White
939786,11/25/2023,Gold,6/16/1997,Other
940125,10/2/2023,Gold,9/22/1949,Black
940236,8/20/2023,Platinum,12/28/1957,White
940601,2/9/2023,Platinum,8/4/2011,Other
942174,5/10/2023,Gold,6/11/1984,White
942724,10/9/2023,Platinum,5/23/1979,Black
943346,11/30/2023,Basic,8/27/1957,Other
943375,1/24/2023,Platinum,7/26/1958,Other
947646,9/5/2023,Gold,4/14/1968,Asian
947772,12/27/2023,Gold,9/14/1964,Asian
949651,11/25/2023,Platinum,9/13/1940,Other
949894,6/22/2023,Gold,12/21/1946,Asian
950849,11/8/2023,Gold,7/30/1990,Black
951213,8/31/2023,Basic,8/29/1982,Asian
952333,11/15/2023,Gold,3/5/2000,Other
954550,4/8/2023,Gold,1/23/1953,Black
957074,6/28/2023,Gold,9/18/1964,Other
957631,1/29/2023,Basic,6/19/1956,Black
959681,11/4/2023,Basic,11/30/1945,White
960368,1/26/2023,Platinum,9/5/1997,Asian
960401,9/9/2023,Gold,2/26/1991,Black
960910,7/13/2023,Basic,12/16/1997,Black
963473,11/13/2023,Platinum,10/1/2014,White
963545,10/15/2023,Basic,12/19/2001,White
963921,3/20/2023,Gold,9/8/2011,Black
964885,7/31/2023,Basic,1/5/1990,Asian
968654,3/12/2023,Gold,1/26/1981,White
968967,12/7/2023,Gold,12/24/1992,Asian
970285,8/4/2023,Basic,8/21/1988,Other
970548,12/12/2023,Platinum,5/9/1996,Asian
970794,6/26/2023,Platinum,11/1/1969,Asian
970978,7/8/2023,Platinum,1/28/1945,White
971397,10/20/2023,Platinum,10/21/1970,Other
973103,3/19/2023,Platinum,3/29/1942,Asian
973596,12/16/2023,Platinum,2/22/1971,Other
973755,10/10/2023,Platinum,1/12/1998,Black
973817,8/7/2023,Gold,7/26/1990,Black
974075,9/6/2023,Basic,3/24/1982,White
976803,4/14/2023,Platinum,7/11/1940,Black
978249,2/20/2023,Platinum,7/9/1944,Asian
978930,2/25/2023,Basic,3/27/2016,Asian
979311,6/8/2023,Platinum,12/8/2010,White
979652,5/15/2023,Platinum,5/23/1956,Black
980787,3/13/2023,Platinum,2/18/1975,Black
982585,4/11/2023,Gold,2/7/2016,Black
982613,8/23/2023,Platinum,5/29/1949,White
982951,3/3/2023,Platinum,3/6/1982,Black
983034,12/6/2023,Platinum,11/13/1972,Asian
983346,11/24/2023,Basic,8/19/1951,Asian
983979,12/27/2023,Basic,5/4/1954,White
984067,4/22/2023,Basic,4/9/1958,Black
984843,4/28/2023,Platinum,9/23/1958,Asian
985783,5/6/2023,Basic,3/28/1951,Asian
986393,9/2/2023,Basic,12/14/2003,Black
988008,2/6/2023,Gold,7/9/1971,Asian
989180,3/14/2023,Gold,9/18/1953,White
990258,7/16/2023,Gold,12/3/1998,Black
991305,4/16/2023,Platinum,10/30/1986,Other
993112,6/30/2023,Platinum,10/2/1942,Asian
993957,7/17/2023,Platinum,3/7/1944,Asian
993967,2/15/2023,Platinum,2/23/1951,Asian
994016,3/29/2023,Platinum,3/29/1955,Other
994289,6/16/2023,Gold,5/9/1990,White
994611,1/10/2023,Basic,6/19/1994,Black
995456,2/17/2023,Basic,3/5/1975,Other
997703,9/19/2023,Platinum,1/7/1998,Other
